,school,sex,age,address,famsize,Pstatus,Medu,Fedu,Mjob,Fjob,reason,guardian,traveltime,studytime,failures,schoolsup,famsup,paid,activities,nursery,higher,internet,romantic,famrel,freetime,goout,Dalc,Walc,health,absences,G1,G2,G3,CatG3
0,GP,F,18,U,GT3,A,1,1,at_home,teacher,course,mother,2,2,0,yes,no,no,no,yes,yes,no,no,5,3,4,1,1,3,4,0,11,11,B
1,GP,F,17,U,GT3,T,0,0,at_home,other,course,father,1,2,0,no,yes,no,no,no,yes,yes,no,5,3,3,1,1,3,2,9,11,11,B
2,GP,F,15,U,LE3,T,0,0,at_home,other,other,mother,1,2,0,yes,no,no,no,yes,yes,yes,no,5,3,2,2,3,3,6,12,13,12,B
3,GP,F,15,U,GT3,T,1,0,health,services,home,mother,1,3,0,no,yes,no,yes,yes,yes,yes,yes,1,2,2,1,1,5,0,14,14,14,B
4,GP,F,16,U,GT3,T,1,1,other,other,home,father,1,2,0,no,yes,no,no,yes,yes,no,no,5,3,2,1,2,5,0,11,13,13,B
5,GP,M,16,U,LE3,T,1,1,services,other,reputation,mother,1,2,0,no,yes,no,yes,yes,yes,yes,no,5,4,2,1,2,5,6,12,12,13,B
6,GP,M,16,U,LE3,T,0,0,other,other,home,mother,1,2,0,no,no,no,no,yes,yes,yes,no,5,4,4,1,1,3,0,13,12,13,B
7,GP,F,17,U,GT3,A,1,1,other,teacher,home,mother,2,2,0,yes,yes,no,no,yes,yes,no,no,5,1,4,1,1,1,2,10,13,13,B
8,GP,M,15,U,LE3,A,1,0,services,other,home,mother,1,2,0,no,yes,no,no,yes,yes,yes,no,5,2,2,1,1,1,0,15,16,17,A
9,GP,M,15,U,GT3,T,1,1,other,other,home,mother,1,2,0,no,yes,no,yes,yes,yes,yes,no,5,5,1,1,1,5,0,12,12,13,B
10,GP,F,15,U,GT3,T,1,1,teacher,health,reputation,mother,1,2,0,no,yes,no,no,yes,yes,yes,no,1,3,3,1,2,2,2,14,14,14,B
11,GP,F,15,U,GT3,T,0,0,services,other,reputation,father,3,3,0,no,yes,no,yes,yes,yes,yes,no,5,2,2,1,1,4,0,10,12,13,B
12,GP,M,15,U,LE3,T,1,1,health,services,course,father,1,1,0,no,yes,no,yes,yes,yes,yes,no,5,3,3,1,3,5,0,12,13,12,B
13,GP,M,15,U,GT3,T,1,1,teacher,other,course,mother,2,2,0,no,yes,no,no,yes,yes,yes,no,5,4,3,1,2,3,0,12,12,13,B
14,GP,M,15,U,GT3,A,0,0,other,other,home,other,1,3,0,no,yes,no,no,yes,yes,yes,yes,5,5,2,1,1,3,0,14,14,15,B
15,GP,F,16,U,GT3,T,1,1,health,other,home,mother,1,1,0,no,yes,no,no,yes,yes,yes,no,5,4,4,1,2,2,6,17,17,17,A
16,GP,F,16,U,GT3,T,1,1,services,services,reputation,mother,1,3,0,no,yes,no,yes,yes,yes,yes,no,1,2,3,1,2,2,10,13,13,14,B
17,GP,F,16,U,GT3,T,1,1,other,other,reputation,mother,3,2,0,yes,yes,no,yes,yes,yes,no,no,5,3,2,1,1,4,2,13,14,14,B
18,GP,M,17,U,GT3,T,1,0,services,services,course,mother,1,1,3,no,yes,yes,yes,yes,yes,yes,no,5,5,5,2,4,5,2,8,8,7,C
19,GP,M,16,U,LE3,T,1,1,health,other,home,father,1,1,0,no,no,no,yes,yes,yes,yes,no,1,1,3,1,3,5,6,12,12,12,B
20,GP,M,15,U,GT3,T,1,1,teacher,other,reputation,mother,1,2,0,no,no,no,no,yes,yes,yes,no,5,4,1,1,1,1,0,12,13,14,B
21,GP,M,15,U,GT3,T,1,1,health,health,other,father,1,1,0,no,yes,yes,no,yes,yes,yes,no,5,4,2,1,1,5,0,11,12,12,B
22,GP,M,16,U,LE3,T,1,0,teacher,other,course,mother,1,2,0,no,no,no,yes,yes,yes,yes,no,5,5,1,1,3,5,0,12,13,14,B
23,GP,M,16,U,LE3,T,0,0,other,other,reputation,mother,2,2,0,no,yes,no,yes,yes,yes,yes,no,5,4,4,2,4,5,2,10,10,10,C
24,GP,F,15,R,GT3,T,0,1,services,health,course,mother,1,3,0,yes,yes,no,yes,yes,yes,yes,no,5,3,2,1,1,5,2,10,11,10,C
25,GP,F,16,U,GT3,T,0,0,services,services,home,mother,1,1,0,no,yes,no,no,no,yes,yes,no,1,2,2,1,3,5,6,10,11,12,B
26,GP,M,15,U,GT3,T,0,0,other,other,home,mother,1,1,0,no,yes,no,no,yes,yes,yes,no,5,2,2,1,2,5,8,11,12,12,B
27,GP,M,15,U,GT3,T,1,0,health,services,other,mother,1,1,0,no,no,no,no,yes,yes,yes,no,1,2,4,2,4,1,0,11,11,11,B
28,GP,M,16,U,LE3,A,1,1,services,other,home,mother,1,2,0,yes,yes,yes,yes,yes,yes,yes,no,5,3,3,1,1,5,2,12,12,13,B
29,GP,M,16,U,GT3,T,1,1,teacher,teacher,home,mother,1,2,0,no,yes,yes,yes,yes,yes,yes,yes,5,4,5,5,5,5,4,12,11,12,B
30,GP,M,15,U,GT3,T,1,1,health,services,home,mother,1,2,0,no,yes,yes,no,no,yes,yes,no,5,4,2,3,4,5,0,10,11,11,B
31,GP,M,15,U,GT3,T,1,1,services,services,reputation,mother,2,2,0,no,yes,no,yes,yes,yes,yes,no,5,3,1,1,1,5,2,15,15,15,B
32,GP,M,15,R,GT3,T,1,1,teacher,at_home,course,mother,1,2,0,no,yes,no,yes,yes,yes,yes,yes,5,5,2,1,1,5,0,13,14,15,B
33,GP,M,15,U,LE3,T,1,1,other,other,course,mother,1,2,0,no,no,no,yes,no,yes,yes,no,5,3,2,1,1,2,0,13,12,12,B
34,GP,M,16,U,GT3,T,1,0,other,other,home,mother,1,1,0,no,yes,no,no,no,yes,yes,no,5,4,3,1,1,5,4,12,12,12,B
35,GP,F,15,U,GT3,T,0,1,other,other,other,father,2,1,0,no,yes,no,yes,yes,yes,no,no,1,5,1,1,1,5,4,11,11,11,B
36,GP,M,15,U,LE3,T,1,1,teacher,services,home,mother,1,3,0,no,yes,no,yes,yes,yes,yes,no,5,4,3,1,1,4,0,14,14,14,B
37,GP,M,16,R,GT3,A,1,1,other,teacher,reputation,mother,2,3,0,no,yes,no,yes,yes,yes,yes,yes,1,4,3,1,1,5,4,13,13,13,B
38,GP,F,15,R,GT3,T,1,1,services,health,course,mother,1,3,0,yes,yes,no,yes,yes,yes,yes,no,5,3,2,1,1,5,2,11,12,12,B
39,GP,F,15,R,GT3,T,0,0,at_home,other,reputation,mother,1,1,0,yes,yes,no,yes,yes,yes,no,no,5,3,1,1,1,2,8,14,13,12,B
40,GP,F,16,U,LE3,T,0,0,other,other,home,mother,2,2,0,no,yes,no,yes,no,yes,yes,yes,1,3,3,1,2,3,16,11,11,10,C
41,GP,M,15,U,LE3,T,1,1,teacher,other,home,other,1,1,0,no,yes,no,no,no,yes,yes,yes,5,4,3,2,4,5,8,10,11,11,B
42,GP,M,15,U,GT3,T,1,1,services,teacher,course,father,1,2,0,no,yes,no,yes,yes,yes,yes,no,5,3,3,1,1,5,0,14,15,15,B
43,GP,M,15,U,GT3,T,0,0,services,services,course,father,1,1,0,yes,yes,no,no,yes,yes,yes,no,5,4,1,1,1,1,0,9,10,10,C
44,GP,F,16,U,LE3,T,0,0,other,at_home,course,father,2,2,1,yes,no,no,yes,yes,yes,yes,no,5,3,3,2,2,5,14,10,11,11,B
45,GP,F,15,U,LE3,A,1,1,other,other,course,mother,1,2,0,yes,yes,yes,yes,yes,yes,yes,yes,5,2,2,1,1,5,4,10,11,11,B
46,GP,F,16,U,LE3,A,1,1,other,services,home,mother,1,2,0,no,yes,no,no,yes,yes,yes,no,1,3,5,1,4,3,6,13,12,13,B
47,GP,M,16,U,GT3,T,1,1,health,services,reputation,mother,1,4,0,no,no,no,yes,yes,yes,yes,no,5,2,2,1,1,2,2,17,17,17,A
48,GP,M,15,U,GT3,T,1,0,teacher,other,home,mother,1,2,0,no,yes,no,no,yes,yes,no,no,5,3,3,2,2,5,4,11,12,13,B
49,GP,F,15,U,GT3,T,1,1,services,teacher,other,father,1,2,0,yes,yes,no,yes,no,yes,yes,no,5,4,4,1,1,3,2,13,12,12,B
50,GP,F,16,U,LE3,T,0,0,services,services,course,mother,3,2,0,no,yes,no,no,yes,yes,yes,no,5,3,3,2,3,4,0,14,13,13,B
51,GP,F,15,U,LE3,T,1,0,health,other,other,mother,1,2,0,no,yes,no,no,yes,yes,yes,no,5,3,3,1,1,5,0,16,14,16,A
52,GP,M,15,U,LE3,A,1,0,health,health,other,father,2,1,0,no,no,no,no,yes,yes,no,no,5,5,5,3,4,5,4,10,9,9,C
53,GP,F,15,U,GT3,T,1,1,services,services,course,mother,1,1,0,yes,yes,no,no,yes,yes,yes,no,1,3,4,2,3,5,0,13,12,12,B
54,GP,F,15,U,LE3,A,1,1,other,other,other,mother,1,1,0,no,no,no,no,yes,yes,yes,no,5,3,4,4,4,1,0,13,12,13,B
55,GP,F,16,U,GT3,A,0,0,other,other,other,mother,1,2,0,no,no,no,yes,yes,yes,yes,yes,5,3,4,1,1,2,2,12,13,12,B
56,GP,F,15,U,GT3,A,1,1,services,services,reputation,mother,1,2,0,no,yes,no,yes,yes,yes,yes,no,5,3,2,1,1,1,0,15,14,15,B
57,GP,M,15,U,GT3,T,1,1,teacher,health,reputation,mother,1,2,0,no,yes,no,yes,yes,yes,no,no,1,2,2,1,1,5,8,15,15,16,A
58,GP,M,15,U,LE3,T,0,0,other,at_home,home,father,1,2,0,yes,yes,no,yes,yes,yes,yes,no,5,3,2,1,1,5,0,14,13,14,B
59,GP,F,16,U,GT3,T,1,0,services,other,course,mother,1,2,0,no,yes,yes,no,yes,yes,yes,no,5,2,3,1,1,5,2,16,15,16,A
60,GP,F,16,R,GT3,T,1,1,health,teacher,other,mother,1,2,0,no,yes,no,yes,yes,yes,no,no,1,4,4,2,3,4,0,17,16,16,A
61,GP,F,16,U,GT3,T,0,0,services,services,course,father,4,1,0,yes,yes,no,yes,no,yes,yes,yes,5,5,5,5,5,5,0,10,10,16,A
62,GP,F,16,U,LE3,T,0,0,other,services,reputation,father,1,2,0,yes,no,no,yes,yes,yes,yes,no,5,4,3,1,1,1,0,13,13,10,C
63,GP,F,16,U,GT3,T,1,1,teacher,health,home,mother,1,3,0,yes,yes,no,yes,yes,yes,yes,no,1,4,4,2,4,4,0,14,13,13,B
64,GP,F,15,U,LE3,T,1,1,services,services,reputation,father,1,2,0,yes,no,no,yes,yes,yes,yes,yes,5,4,4,2,4,2,0,13,12,12,B
65,GP,F,16,U,LE3,T,1,1,teacher,services,course,mother,3,2,0,no,yes,no,yes,yes,yes,yes,no,5,4,3,1,2,1,2,16,15,16,A
66,GP,M,15,U,GT3,A,1,1,other,services,reputation,mother,1,4,0,no,yes,no,yes,no,yes,yes,yes,1,3,3,5,5,3,0,11,12,12,B
67,GP,F,16,U,GT3,T,1,0,services,other,course,mother,1,4,0,yes,yes,no,no,yes,yes,yes,no,5,3,3,1,2,5,0,10,9,10,C
68,GP,F,15,R,LE3,T,0,0,health,services,reputation,mother,2,2,0,yes,yes,no,no,yes,yes,yes,no,5,1,3,1,3,4,0,11,10,11,B
69,GP,F,15,R,LE3,T,1,0,other,other,reputation,father,2,4,0,no,yes,no,no,no,yes,yes,no,5,4,2,2,3,3,6,15,15,15,B
70,GP,M,16,U,GT3,T,1,0,other,other,reputation,father,2,4,0,no,yes,no,no,yes,yes,yes,no,5,3,2,1,1,5,2,13,11,11,B
71,GP,M,15,U,GT3,T,1,0,other,other,course,mother,1,4,0,no,no,no,no,yes,yes,yes,no,1,3,3,1,1,3,0,11,9,10,C
72,GP,F,15,R,GT3,T,0,0,other,other,reputation,mother,1,2,0,yes,yes,no,no,no,yes,yes,yes,1,3,4,2,4,5,2,13,11,11,B
73,GP,M,16,U,GT3,T,1,0,other,other,reputation,mother,1,1,0,no,no,no,yes,yes,yes,no,no,5,3,2,2,2,5,0,13,13,14,B
74,GP,F,16,U,GT3,T,1,1,other,services,home,mother,1,2,0,yes,yes,no,yes,yes,yes,yes,no,5,3,3,2,4,5,4,11,11,11,B
75,GP,M,15,U,GT3,T,1,1,teacher,other,home,mother,1,2,0,no,yes,no,yes,yes,yes,yes,no,5,3,3,2,3,5,0,11,11,11,B
76,GP,M,15,U,GT3,T,1,0,teacher,other,course,mother,2,4,0,no,no,no,yes,yes,yes,yes,no,1,4,3,1,1,1,0,12,11,11,B
77,GP,F,16,U,GT3,T,0,0,other,other,reputation,mother,1,4,0,no,no,no,no,yes,yes,yes,yes,5,2,3,1,3,3,1,13,13,13,B
78,GP,M,17,U,GT3,T,0,0,other,other,home,mother,2,1,3,yes,yes,no,yes,yes,no,yes,no,5,5,1,1,1,3,0,9,9,10,C
79,GP,F,16,U,GT3,T,1,1,at_home,other,course,mother,1,2,0,no,yes,no,no,yes,yes,yes,no,1,4,3,1,2,3,14,12,11,11,B
80,GP,M,15,U,GT3,T,0,1,other,services,course,father,1,1,0,yes,yes,no,yes,no,yes,yes,yes,1,2,2,1,3,3,0,11,11,12,B
81,GP,M,15,U,GT3,T,0,1,other,other,home,mother,1,3,0,yes,no,no,no,no,yes,yes,no,5,3,2,1,2,5,2,10,9,9,C
82,GP,F,15,U,LE3,T,1,0,services,other,reputation,mother,1,2,0,no,yes,no,no,yes,yes,yes,no,5,4,4,1,1,5,4,12,11,11,B
83,GP,M,15,U,LE3,T,0,0,services,services,home,mother,2,2,0,no,no,yes,yes,yes,yes,yes,no,5,3,3,1,3,4,2,13,12,13,B
84,GP,F,15,U,GT3,T,0,0,other,other,home,father,1,2,0,no,yes,no,yes,no,yes,yes,no,5,3,2,2,3,4,2,13,12,12,B
85,GP,F,15,U,GT3,T,1,1,services,services,reputation,father,2,2,0,no,no,no,no,yes,yes,yes,yes,5,4,4,2,3,5,4,12,11,12,B
86,GP,F,16,U,LE3,T,0,0,at_home,other,course,mother,1,2,0,no,yes,no,no,yes,yes,no,no,5,3,4,1,2,2,6,13,11,11,B
87,GP,F,15,U,GT3,T,1,0,other,other,reputation,mother,1,3,0,no,yes,no,yes,yes,yes,yes,no,5,3,3,1,3,1,4,15,15,15,B
88,GP,M,16,U,GT3,T,0,0,services,other,reputation,father,2,2,0,no,no,no,yes,no,yes,yes,no,5,4,2,1,1,3,6,12,10,11,B
89,GP,M,16,U,LE3,A,1,1,teacher,health,reputation,mother,1,2,0,no,yes,no,no,yes,yes,no,no,5,1,3,3,5,5,6,9,9,10,C
90,GP,F,16,U,GT3,T,1,1,other,other,home,mother,1,3,0,no,yes,no,no,yes,yes,yes,yes,5,3,3,1,3,4,2,9,11,11,B
91,GP,F,15,U,GT3,T,1,1,services,other,reputation,mother,1,1,0,no,no,no,yes,yes,yes,yes,no,5,5,5,1,3,1,6,14,13,13,B
92,GP,F,16,U,LE3,T,1,0,other,other,home,father,1,2,0,yes,yes,no,no,yes,yes,no,no,1,3,3,2,3,2,0,12,13,12,B
93,GP,F,16,U,GT3,T,1,0,teacher,services,home,mother,2,2,0,no,yes,no,yes,yes,yes,yes,no,5,3,3,1,1,1,2,13,14,14,B
94,GP,M,15,U,LE3,T,0,0,services,health,reputation,mother,1,4,0,no,yes,no,yes,yes,yes,yes,no,5,3,4,1,1,4,2,11,12,12,B
95,GP,F,15,R,GT3,T,0,0,at_home,other,home,mother,2,4,0,yes,yes,yes,yes,yes,yes,yes,no,1,1,2,1,1,1,4,13,13,13,B
96,GP,M,16,R,GT3,T,1,1,services,other,reputation,mother,2,1,0,yes,yes,yes,yes,no,yes,yes,no,1,3,3,1,1,4,6,9,11,11,B
97,GP,F,16,U,GT3,T,0,0,other,other,course,mother,1,2,0,no,yes,no,no,yes,yes,no,yes,5,3,5,1,1,5,0,13,12,12,B
98,GP,F,16,U,GT3,T,1,1,other,other,reputation,mother,1,1,0,no,no,no,yes,no,yes,yes,no,5,3,4,1,2,1,4,12,13,13,B
99,GP,F,16,U,GT3,T,1,1,other,at_home,course,mother,1,3,0,yes,yes,no,no,yes,yes,yes,no,5,3,5,1,1,3,2,12,13,13,B
100,GP,M,16,U,GT3,T,1,1,services,services,other,mother,1,1,0,yes,yes,no,yes,yes,yes,yes,no,5,5,5,5,5,4,12,9,9,8,C
101,GP,M,16,U,GT3,T,1,1,services,teacher,other,father,1,3,0,no,yes,no,yes,yes,yes,yes,yes,5,4,3,1,1,4,0,16,16,16,A
102,GP,M,15,U,GT3,T,1,1,services,other,course,mother,1,1,0,no,yes,yes,yes,no,yes,yes,no,5,3,3,1,1,5,2,12,13,12,B
103,GP,F,15,U,GT3,T,1,0,services,other,home,mother,2,2,0,yes,yes,no,no,yes,yes,yes,no,5,3,5,1,1,2,16,11,10,10,C
104,GP,M,15,U,GT3,A,1,1,services,other,course,mother,1,2,0,no,yes,no,yes,yes,yes,yes,no,5,4,4,1,1,1,0,16,16,16,A
105,GP,F,15,U,GT3,A,1,1,other,health,reputation,father,1,4,0,yes,no,no,no,yes,yes,no,no,5,3,3,1,1,4,10,10,10,10,C
106,GP,F,15,U,GT3,T,0,0,other,other,course,mother,1,4,0,yes,yes,no,no,yes,yes,yes,no,5,1,2,1,1,3,4,10,10,10,C
107,GP,M,16,U,GT3,T,1,1,services,other,home,father,1,3,0,no,yes,no,yes,yes,yes,yes,no,5,3,3,1,1,5,4,13,14,14,B
108,GP,M,15,R,GT3,T,1,1,other,other,home,father,4,4,0,no,yes,no,yes,yes,yes,yes,yes,1,3,5,3,5,1,8,12,10,11,B
109,GP,F,16,U,LE3,T,1,1,health,health,other,mother,1,3,0,no,yes,no,yes,yes,yes,yes,yes,5,4,5,1,1,4,2,15,15,14,B
110,GP,M,15,U,LE3,A,1,1,teacher,teacher,course,mother,1,1,0,no,no,no,yes,yes,yes,yes,no,5,5,3,1,1,4,4,13,14,14,B
111,GP,F,16,R,GT3,T,1,1,services,other,reputation,father,1,3,0,yes,yes,no,yes,yes,yes,yes,no,5,1,2,1,1,2,4,11,11,11,B
112,GP,F,16,U,GT3,T,0,0,at_home,other,home,mother,1,2,1,yes,no,no,yes,yes,yes,yes,no,1,1,2,1,1,5,12,8,10,10,C
113,GP,M,15,U,LE3,T,1,0,teacher,other,course,mother,1,1,0,no,no,no,no,yes,yes,yes,no,1,5,2,1,1,3,10,18,17,18,A
114,GP,M,15,R,GT3,T,0,0,health,services,reputation,mother,1,2,0,no,no,no,yes,yes,yes,yes,yes,5,4,2,1,1,5,4,10,9,10,C
115,GP,M,16,U,GT3,T,1,1,teacher,teacher,course,father,1,2,0,no,yes,no,yes,yes,yes,yes,no,5,4,4,1,2,5,6,16,14,14,B
116,GP,M,15,U,GT3,T,1,1,other,teacher,reputation,father,2,2,0,no,yes,no,yes,yes,yes,no,no,5,4,3,1,1,2,4,16,15,16,A
117,GP,M,16,U,GT3,T,1,1,other,services,home,father,2,1,0,no,no,no,yes,yes,yes,yes,no,5,4,2,1,1,5,6,14,14,15,B
118,GP,M,17,R,GT3,T,0,1,other,other,course,father,3,2,1,no,yes,no,yes,yes,yes,yes,no,5,2,4,1,4,5,14,12,11,11,B
119,GP,M,15,U,GT3,T,1,1,other,other,reputation,father,1,1,0,no,no,no,no,yes,yes,yes,no,1,4,3,1,2,4,2,14,13,14,B
120,GP,F,15,U,GT3,T,0,0,at_home,services,course,mother,1,2,0,no,no,no,no,no,yes,yes,no,1,2,3,1,2,1,0,14,14,14,B
121,GP,M,15,U,GT3,T,0,0,services,services,home,father,1,4,0,no,yes,no,yes,yes,yes,yes,no,5,5,4,1,2,5,6,14,13,13,B
122,GP,F,16,U,LE3,T,0,1,other,health,course,father,2,2,0,no,yes,no,yes,yes,yes,yes,yes,5,2,2,1,2,5,2,14,12,13,B
123,GP,M,16,U,GT3,T,1,1,health,other,course,mother,1,1,0,no,yes,no,yes,yes,yes,yes,no,1,4,4,1,4,5,4,12,13,13,B
124,GP,F,16,U,GT3,T,0,0,other,other,home,mother,1,2,0,no,no,no,no,yes,yes,yes,yes,5,4,4,1,1,5,0,12,11,11,B
125,GP,M,15,U,GT3,T,1,1,services,services,home,father,1,1,0,yes,no,no,no,yes,yes,yes,no,5,5,5,3,2,5,2,9,9,9,C
126,GP,F,15,U,LE3,A,1,1,other,other,home,mother,1,2,0,yes,no,no,yes,yes,yes,yes,yes,5,3,2,1,1,1,0,10,11,11,B
127,GP,F,19,U,GT3,T,0,0,at_home,other,course,other,1,2,2,no,yes,no,no,no,no,no,no,1,4,2,1,1,5,0,9,10,11,B
128,GP,M,16,R,GT3,T,1,1,teacher,teacher,course,mother,1,1,0,no,no,no,yes,yes,yes,yes,no,1,5,5,2,5,4,8,14,14,15,B
129,GP,M,16,U,GT3,T,0,1,other,other,course,mother,2,3,0,no,yes,no,no,no,yes,yes,yes,1,2,3,2,2,1,4,13,12,13,B
130,GP,F,15,R,GT3,T,1,1,services,teacher,course,father,2,3,0,no,yes,no,no,yes,yes,yes,yes,5,2,2,2,2,5,0,10,11,12,B
131,GP,F,18,U,GT3,T,0,0,services,other,reputation,mother,1,2,3,no,yes,no,yes,yes,no,yes,yes,5,4,5,1,3,5,10,10,9,8,C
132,GP,F,17,U,LE3,A,0,0,other,other,course,mother,3,1,0,no,yes,no,no,yes,yes,yes,no,1,2,2,1,2,5,8,11,10,11,B
133,GP,F,15,U,GT3,T,0,0,at_home,other,course,mother,3,1,0,no,yes,no,yes,no,yes,yes,yes,5,3,3,1,2,4,6,11,12,13,B
134,GP,F,17,U,LE3,T,0,0,other,other,course,father,1,1,0,no,yes,no,no,yes,yes,yes,yes,1,4,4,1,3,5,2,13,12,12,B
135,GP,F,16,U,GT3,A,1,1,services,other,course,father,1,1,0,no,no,no,no,yes,yes,yes,no,1,2,1,1,4,5,12,15,13,14,B
136,GP,M,16,U,GT3,T,0,0,at_home,other,course,mother,4,1,0,no,no,no,no,yes,yes,no,no,1,2,1,1,1,2,4,9,9,11,B
137,GP,F,16,U,GT3,A,0,0,other,other,home,mother,1,1,1,no,no,no,no,yes,yes,no,no,5,3,4,1,1,5,12,13,11,11,B
138,GP,M,15,R,GT3,T,1,1,at_home,teacher,course,mother,4,2,0,no,yes,no,no,yes,yes,no,yes,5,3,3,1,1,5,2,12,11,11,B
139,GP,F,15,U,GT3,T,1,1,services,at_home,course,mother,1,3,0,no,yes,no,yes,yes,yes,yes,yes,5,3,3,1,1,5,4,13,14,15,B
140,GP,M,17,R,GT3,T,1,1,at_home,other,course,mother,3,2,0,no,no,no,no,yes,yes,no,no,5,4,5,2,4,5,2,10,9,10,C
141,GP,F,16,R,GT3,T,0,0,at_home,other,course,mother,4,2,0,no,yes,no,no,yes,yes,no,no,5,1,3,1,1,3,0,14,13,13,B
142,GP,M,18,U,LE3,T,1,0,services,services,course,mother,2,1,0,no,no,no,yes,yes,yes,yes,yes,1,3,4,4,5,4,2,11,11,12,B
143,GP,F,18,U,GT3,A,1,0,other,services,course,other,1,3,0,no,yes,no,yes,no,yes,yes,yes,5,3,3,5,1,5,10,12,11,11,B
144,GP,F,16,R,GT3,T,0,0,other,services,reputation,mother,2,1,0,no,yes,no,yes,yes,yes,no,yes,1,3,3,1,2,1,8,12,11,11,B
145,GP,F,16,U,GT3,A,1,1,other,other,course,other,2,1,0,no,yes,no,yes,no,yes,yes,yes,5,3,2,1,1,5,4,9,9,10,C
146,GP,M,16,U,LE3,T,0,0,services,other,course,mother,1,2,2,no,no,no,no,yes,yes,no,yes,5,4,4,1,3,5,0,10,10,10,C
147,GP,F,15,U,GT3,T,1,1,teacher,teacher,course,mother,2,1,0,no,no,no,yes,yes,yes,yes,no,5,3,2,1,1,5,6,13,14,14,B
148,GP,F,15,R,GT3,T,0,0,other,other,course,mother,3,1,1,no,no,no,yes,yes,yes,yes,yes,5,5,5,1,1,1,2,8,9,9,C
149,GP,M,15,U,GT3,T,1,1,teacher,services,course,father,2,4,0,yes,yes,no,no,yes,yes,yes,no,1,2,2,1,1,3,6,9,11,11,B
150,GP,F,15,U,GT3,A,1,1,services,services,home,mother,1,2,0,no,no,no,no,no,yes,no,yes,1,3,2,2,3,1,24,9,8,9,C
151,GP,M,16,U,GT3,T,1,1,services,services,course,mother,1,3,0,no,yes,no,yes,yes,yes,yes,no,5,3,3,1,3,5,0,15,13,13,B
152,GP,M,16,U,LE3,T,0,0,services,services,reputation,father,2,1,0,no,yes,no,yes,yes,yes,yes,no,1,3,3,2,2,2,4,12,11,11,B
153,GP,F,15,U,GT3,T,1,1,teacher,services,course,mother,1,3,0,no,yes,no,yes,yes,yes,yes,no,5,2,2,1,1,5,2,13,13,13,B
154,GP,F,16,U,LE3,T,0,0,at_home,at_home,course,mother,1,1,0,no,no,no,no,yes,yes,yes,no,1,4,4,3,3,1,4,10,11,11,B
155,GP,M,17,U,GT3,T,0,0,other,other,home,mother,1,1,0,no,yes,no,no,yes,yes,yes,no,5,4,5,1,2,5,22,9,7,6,C
156,GP,F,15,U,GT3,T,0,0,other,services,course,father,1,2,0,no,yes,no,no,yes,yes,yes,no,5,4,2,1,2,5,0,12,12,12,B
157,GP,F,15,U,LE3,A,0,0,at_home,other,home,mother,2,1,0,no,yes,no,yes,yes,no,yes,yes,5,4,2,1,1,5,0,11,10,10,C
158,GP,F,15,U,GT3,T,1,0,health,services,home,father,1,2,1,no,yes,no,no,yes,yes,yes,no,1,3,2,1,1,3,2,11,11,11,B
159,GP,F,15,U,GT3,T,0,0,at_home,other,course,mother,1,2,0,no,yes,no,no,no,yes,yes,no,5,3,2,1,1,5,6,13,12,13,B
160,GP,F,15,U,GT3,T,0,0,at_home,services,course,father,1,2,0,no,no,no,no,no,yes,no,yes,1,3,4,2,4,1,6,11,11,11,B
161,GP,M,16,U,GT3,T,1,1,teacher,teacher,course,mother,1,1,0,no,yes,no,no,yes,no,yes,yes,1,3,2,2,1,5,16,9,9,8,C
162,GP,M,15,U,LE3,A,0,0,services,other,course,mother,4,1,0,no,no,no,no,yes,yes,yes,no,5,5,5,2,5,5,0,12,11,11,B
163,GP,M,18,U,LE3,T,0,0,other,other,course,mother,1,1,2,no,no,no,no,yes,no,yes,yes,1,3,5,2,5,4,0,11,9,0,D
164,GP,M,16,U,LE3,T,0,0,at_home,other,course,mother,1,1,1,no,no,no,yes,yes,yes,no,yes,5,4,4,3,5,5,6,9,10,10,C
165,GP,F,15,R,GT3,T,1,1,services,services,reputation,other,2,3,0,no,yes,yes,yes,yes,yes,yes,yes,5,2,1,2,3,3,2,13,13,13,B
166,GP,M,19,U,GT3,T,1,0,services,at_home,home,mother,1,1,0,no,yes,no,no,yes,no,yes,yes,5,5,4,1,1,4,6,11,9,11,B
167,GP,F,17,U,GT3,T,1,1,other,teacher,course,mother,1,1,0,yes,yes,no,no,yes,yes,no,yes,5,2,1,1,1,4,0,13,13,13,B
168,GP,M,15,R,GT3,T,0,1,at_home,services,course,mother,1,2,0,yes,no,yes,yes,yes,yes,no,no,5,4,4,1,1,1,0,7,8,8,C
169,GP,M,17,R,LE3,T,0,0,other,other,reputation,mother,1,1,3,no,no,no,no,yes,yes,no,no,1,2,2,3,3,5,14,9,8,10,C
170,GP,F,18,R,GT3,T,0,0,at_home,other,course,mother,3,1,3,no,yes,no,yes,no,yes,no,no,5,2,5,1,5,4,6,11,10,11,B
171,GP,M,16,R,GT3,T,0,0,at_home,other,course,mother,3,1,0,no,no,no,no,no,yes,no,no,5,2,2,1,2,3,4,12,10,11,B
172,GP,M,16,U,GT3,T,1,1,other,services,course,father,1,2,1,no,yes,no,no,yes,yes,yes,yes,5,5,5,4,4,5,0,10,10,1,D
173,GP,M,16,U,LE3,T,0,0,health,services,course,mother,2,1,2,no,no,no,no,no,yes,yes,no,5,4,5,3,5,5,0,9,8,10,C
174,GP,M,17,R,LE3,T,0,0,at_home,other,course,mother,2,1,1,no,no,yes,yes,yes,no,yes,yes,1,3,2,2,2,5,8,8,8,9,C
175,GP,M,17,R,GT3,T,1,0,other,other,course,mother,2,2,2,yes,yes,no,no,yes,yes,yes,yes,5,4,4,1,4,3,4,7,6,8,C
176,GP,M,15,U,LE3,T,0,0,other,other,course,mother,2,1,0,no,no,no,yes,yes,yes,no,no,5,4,4,2,4,5,2,8,9,10,C
177,GP,M,16,U,GT3,T,0,1,at_home,services,course,father,1,1,1,no,no,no,no,yes,no,yes,no,5,3,3,1,4,2,2,9,8,8,C
178,GP,M,17,R,LE3,T,0,0,other,services,course,mother,4,2,0,no,no,no,yes,yes,no,no,yes,5,3,5,1,5,5,0,8,8,8,C
179,GP,M,17,U,GT3,T,1,0,services,services,course,mother,2,1,3,no,yes,no,yes,no,no,no,no,5,5,2,1,1,2,10,8,7,8,C
180,GP,M,16,U,GT3,T,0,0,other,other,course,father,1,2,0,no,no,no,no,yes,no,yes,no,5,3,5,2,4,4,0,9,10,11,B
181,GP,F,16,U,GT3,T,1,0,health,services,home,father,1,2,0,no,no,no,no,yes,yes,yes,yes,5,2,3,1,1,3,0,17,17,18,A
182,GP,F,16,U,GT3,T,0,0,other,other,home,mother,1,2,0,no,yes,no,no,no,yes,yes,no,5,1,5,1,1,4,0,12,12,13,B
183,GP,F,16,U,GT3,T,1,1,health,health,reputation,mother,1,2,0,no,yes,no,no,yes,yes,yes,yes,5,4,2,1,1,3,0,16,16,17,A
184,GP,M,16,U,GT3,T,1,1,other,other,course,father,3,1,1,no,yes,no,yes,no,yes,yes,no,1,4,5,2,4,2,4,9,9,10,C
185,GP,M,16,U,GT3,T,0,0,other,other,reputation,mother,2,2,0,no,yes,no,yes,yes,yes,yes,yes,5,3,2,1,1,3,0,16,17,18,A
186,GP,M,17,U,LE3,T,1,1,teacher,other,reputation,mother,1,2,0,no,yes,no,yes,yes,yes,yes,no,5,4,4,1,3,5,0,11,9,10,C
187,GP,F,16,U,GT3,T,0,1,at_home,services,home,mother,1,2,0,no,no,no,yes,no,yes,yes,yes,5,3,5,1,1,3,0,14,13,13,B
188,GP,F,16,U,LE3,T,1,1,other,other,reputation,mother,2,2,0,no,yes,no,yes,yes,yes,yes,no,5,4,5,1,1,4,0,14,14,15,B
189,GP,M,17,U,LE3,T,1,1,teacher,other,course,mother,2,2,0,no,no,no,yes,yes,yes,yes,no,5,4,4,4,4,4,0,10,11,11,B
190,GP,F,16,U,GT3,T,0,0,services,other,reputation,mother,2,2,0,no,no,no,yes,no,yes,yes,no,1,4,4,1,4,5,0,13,12,14,B
191,GP,M,17,U,GT3,T,1,1,other,other,reputation,father,1,2,0,no,no,no,yes,no,yes,yes,no,5,3,4,1,4,4,4,11,9,10,C
192,GP,M,16,R,GT3,T,1,0,teacher,services,other,mother,1,1,0,no,yes,no,yes,yes,yes,yes,yes,5,3,3,3,4,3,8,10,9,11,B
193,GP,M,17,U,GT3,T,1,1,other,other,course,mother,1,2,0,no,yes,yes,yes,yes,yes,yes,yes,5,2,3,1,1,2,4,11,11,13,B
194,GP,M,16,U,GT3,T,1,1,teacher,other,home,mother,1,2,0,no,yes,yes,yes,yes,yes,yes,no,1,4,3,2,3,3,4,11,10,11,B
195,GP,M,16,U,GT3,T,1,1,services,other,home,mother,1,2,0,no,no,no,yes,yes,yes,yes,yes,5,2,3,1,2,3,0,11,12,13,B
196,GP,F,17,U,GT3,T,0,1,services,services,reputation,father,1,2,0,no,yes,no,yes,yes,yes,no,no,5,4,2,2,3,5,0,17,18,17,A
197,GP,F,17,U,LE3,T,1,1,other,other,reputation,mother,1,2,0,no,yes,no,yes,yes,yes,yes,yes,5,3,3,2,3,1,32,14,13,14,B
198,GP,F,16,U,GT3,T,1,0,other,other,reputation,mother,1,2,0,no,yes,no,no,yes,yes,yes,no,1,2,2,1,2,1,8,14,15,16,A
199,GP,M,17,U,GT3,T,1,1,services,services,other,mother,1,2,0,no,yes,no,yes,yes,yes,yes,yes,5,3,4,2,3,4,6,11,13,14,B
200,GP,M,16,U,GT3,T,0,0,services,services,other,mother,1,1,0,no,yes,no,yes,yes,yes,yes,yes,1,3,3,1,2,3,0,10,9,11,B
201,GP,M,16,U,LE3,T,0,0,other,other,course,mother,1,2,0,no,no,no,yes,yes,yes,yes,yes,5,2,3,1,2,5,0,13,14,16,A
202,GP,F,17,U,GT3,A,1,1,health,other,reputation,mother,1,2,0,no,yes,no,no,no,yes,yes,yes,1,3,3,1,3,3,10,12,13,14,B
203,GP,M,17,R,GT3,T,0,0,at_home,other,home,mother,1,2,0,no,no,no,no,yes,yes,no,no,1,1,3,1,5,3,6,9,9,10,C
204,GP,F,16,U,GT3,T,0,1,services,services,course,mother,1,2,0,no,no,no,no,yes,yes,yes,no,5,3,3,1,1,2,6,12,12,13,B
205,GP,F,17,U,GT3,T,0,0,at_home,services,course,mother,1,2,0,no,no,no,yes,yes,yes,yes,no,5,3,3,1,1,3,0,12,11,12,B
206,GP,M,17,U,GT3,T,0,0,at_home,services,other,other,2,2,0,no,no,no,yes,no,yes,yes,no,5,4,4,4,5,5,16,10,11,12,B
207,GP,M,16,R,GT3,T,1,1,services,services,reputation,mother,1,1,0,no,yes,no,yes,yes,yes,yes,no,5,3,2,3,4,5,0,11,10,10,C
208,GP,M,16,U,GT3,T,0,1,other,other,home,father,2,1,0,no,no,no,no,yes,yes,yes,no,5,3,3,1,1,3,0,13,12,12,B
209,GP,F,17,U,LE3,T,0,1,services,services,course,father,1,2,0,no,no,no,yes,yes,yes,yes,yes,5,3,2,1,1,5,8,14,15,16,A
210,GP,M,17,U,GT3,T,1,1,services,teacher,home,mother,1,1,0,no,no,no,no,yes,yes,yes,no,5,2,3,1,2,5,4,13,13,14,B
211,GP,M,16,R,LE3,T,1,1,teacher,other,home,father,3,1,0,no,yes,no,yes,yes,yes,yes,no,1,3,4,3,5,3,16,10,11,12,B
212,GP,F,17,U,GT3,T,1,1,services,teacher,home,mother,2,1,1,no,yes,no,no,yes,yes,yes,no,5,2,4,2,3,2,30,14,15,16,A
213,GP,F,16,U,LE3,T,1,1,teacher,teacher,reputation,mother,1,2,0,no,yes,no,no,yes,yes,yes,no,5,5,2,1,2,3,0,11,10,11,B
214,GP,F,16,U,GT3,T,1,1,health,other,home,mother,1,2,0,no,yes,no,yes,yes,yes,yes,no,5,3,5,1,5,2,2,14,14,15,B
215,GP,F,16,U,GT3,T,0,1,other,other,reputation,mother,1,2,0,yes,yes,no,yes,yes,yes,no,no,5,4,3,1,3,4,4,11,12,12,B
216,GP,F,17,U,GT3,T,0,0,other,other,course,mother,1,2,0,no,yes,no,no,no,yes,no,no,5,4,4,1,3,1,0,14,15,15,B
217,GP,F,17,R,GT3,T,0,0,other,other,reputation,mother,1,1,0,no,yes,no,no,yes,yes,yes,no,5,3,2,1,2,3,21,13,13,13,B
218,GP,F,16,R,GT3,T,0,0,services,services,reputation,mother,2,4,0,no,yes,no,yes,no,yes,yes,no,5,3,5,1,1,5,6,13,13,13,B
219,GP,F,17,U,GT3,T,1,1,at_home,services,home,mother,1,3,1,no,yes,yes,no,yes,yes,yes,yes,5,4,3,3,4,5,14,8,9,8,C
220,GP,F,16,U,GT3,A,1,0,services,other,course,mother,1,2,0,no,yes,no,no,yes,yes,yes,no,1,3,3,2,2,4,2,11,11,12,B
221,GP,F,16,U,GT3,T,1,1,teacher,other,other,mother,1,2,0,no,no,no,yes,yes,yes,yes,yes,1,3,2,1,1,1,4,14,15,15,B
222,GP,F,16,U,GT3,T,0,0,at_home,other,home,mother,2,1,0,no,yes,no,no,yes,yes,no,no,5,3,2,1,4,5,2,12,13,13,B
223,GP,F,17,R,GT3,T,1,1,teacher,other,reputation,mother,2,3,0,no,yes,no,yes,yes,yes,yes,yes,5,4,2,1,1,4,0,11,12,12,B
224,GP,F,19,U,GT3,T,1,1,other,other,reputation,other,1,4,0,no,yes,no,yes,yes,yes,yes,no,5,3,3,1,2,3,4,12,12,12,B
225,GP,M,17,U,LE3,T,1,1,services,other,home,mother,1,2,0,no,yes,no,no,yes,yes,yes,yes,5,3,5,4,5,3,15,13,12,12,B
226,GP,F,16,U,GT3,A,0,0,other,other,reputation,mother,1,2,0,yes,yes,no,no,yes,yes,yes,no,1,3,4,1,1,4,0,13,13,13,B
227,GP,M,18,U,GT3,T,0,0,services,other,home,mother,1,2,0,no,yes,no,yes,yes,yes,yes,no,5,4,4,2,4,5,10,12,11,11,B
228,GP,F,17,R,LE3,T,1,1,services,other,other,mother,1,1,0,no,yes,no,no,yes,yes,no,no,5,2,1,1,2,3,6,12,11,11,B
229,GP,F,17,U,LE3,T,1,0,other,other,reputation,mother,2,2,0,no,no,no,no,yes,yes,yes,no,5,4,4,1,3,1,2,14,16,15,B
230,GP,F,17,U,GT3,T,1,1,other,other,reputation,mother,1,2,0,no,no,no,no,yes,yes,yes,yes,1,4,5,2,4,1,16,11,9,10,C
231,GP,M,18,U,LE3,T,1,1,services,health,home,father,1,2,0,no,yes,no,no,yes,yes,yes,no,1,2,4,2,4,4,10,10,10,10,C
232,GP,F,17,U,GT3,T,0,1,at_home,other,home,father,2,1,0,no,yes,no,no,yes,yes,no,no,1,3,3,1,4,3,4,12,13,13,B
233,GP,F,17,U,GT3,T,0,0,at_home,at_home,course,mother,1,3,0,no,yes,no,yes,yes,yes,yes,no,5,3,3,1,1,4,0,12,12,13,B
234,GP,F,17,R,GT3,T,0,0,at_home,services,reputation,mother,2,2,0,no,yes,no,yes,yes,yes,yes,no,5,2,5,1,2,5,0,11,10,11,B
235,GP,F,17,U,GT3,T,0,0,at_home,other,reputation,mother,1,3,0,no,yes,no,yes,yes,yes,no,yes,5,3,4,1,1,5,12,12,12,12,B
236,GP,F,16,U,GT3,T,0,1,services,teacher,other,mother,1,2,0,yes,no,no,no,yes,yes,yes,no,1,3,1,1,1,3,0,13,13,14,B
237,GP,M,18,U,GT3,T,0,0,other,other,home,mother,2,2,3,no,yes,yes,no,yes,yes,yes,no,1,3,3,5,5,4,9,10,9,10,C
238,GP,F,16,U,GT3,T,1,1,teacher,services,home,mother,1,3,0,no,yes,no,yes,no,yes,yes,no,5,3,2,1,1,5,4,15,16,16,A
239,GP,F,18,R,GT3,T,1,0,other,other,reputation,mother,1,2,0,no,no,no,yes,yes,yes,yes,yes,5,3,3,1,1,4,4,8,8,8,C
240,GP,F,17,U,GT3,T,1,0,other,other,course,mother,1,2,0,no,no,no,yes,no,yes,yes,no,5,3,4,1,3,3,2,17,18,17,A
241,GP,M,17,U,LE3,T,0,1,services,services,reputation,father,1,2,0,no,yes,no,no,no,yes,yes,no,5,3,3,1,3,3,0,10,11,11,B
242,GP,M,18,U,LE3,T,0,0,at_home,other,course,mother,4,2,0,yes,yes,no,yes,yes,yes,yes,yes,5,3,2,4,5,3,2,9,10,11,B
243,GP,F,17,U,GT3,A,0,0,other,other,course,mother,2,3,0,no,no,no,yes,yes,yes,yes,yes,1,2,3,1,2,3,0,15,15,16,A
244,GP,F,17,U,LE3,T,1,1,health,other,reputation,father,1,2,0,no,no,no,yes,yes,yes,yes,yes,1,2,3,1,2,3,0,14,12,12,B
245,GP,M,17,R,GT3,T,0,0,other,other,course,father,2,2,0,no,yes,no,yes,yes,yes,yes,no,5,5,2,1,1,1,0,12,13,13,B
246,GP,M,17,U,GT3,T,1,1,teacher,teacher,reputation,mother,1,2,0,yes,yes,no,yes,yes,yes,yes,yes,5,5,5,1,3,2,0,13,13,13,B
247,GP,M,16,U,GT3,T,1,1,health,other,reputation,father,1,2,0,no,yes,no,yes,yes,yes,yes,no,5,2,4,2,4,1,0,13,13,14,B
248,GP,M,16,U,LE3,T,0,0,other,other,home,mother,2,2,0,no,yes,no,no,yes,yes,yes,no,1,4,2,1,1,5,2,9,9,9,C
249,GP,M,16,U,GT3,T,1,0,at_home,other,reputation,mother,2,3,0,no,no,no,yes,yes,yes,yes,yes,5,3,3,1,3,2,0,12,12,12,B
250,GP,M,17,U,LE3,T,0,0,other,other,home,father,1,2,0,no,no,no,yes,no,yes,yes,yes,5,4,2,5,5,4,0,16,16,16,A
251,GP,F,16,U,GT3,T,0,0,other,other,home,mother,1,1,0,no,no,no,no,yes,yes,yes,yes,5,5,2,1,1,5,4,9,10,10,C
252,GP,F,16,U,GT3,A,1,0,other,other,home,mother,1,2,0,no,no,no,yes,yes,yes,yes,yes,5,3,3,1,2,5,0,14,13,13,B
253,GP,F,18,U,LE3,A,0,1,services,other,course,mother,2,2,1,no,yes,no,no,yes,yes,yes,no,5,3,3,1,1,3,18,10,10,10,C
254,GP,F,18,U,LE3,T,0,0,at_home,services,course,mother,1,2,1,no,yes,no,no,no,yes,yes,yes,5,3,1,1,1,5,16,9,8,10,C
255,GP,F,18,U,GT3,T,1,1,other,other,course,mother,2,1,1,no,no,no,no,yes,no,yes,no,5,1,1,1,1,3,14,8,7,7,C
256,GP,M,18,U,GT3,T,0,0,other,at_home,course,other,1,1,1,no,yes,no,yes,no,no,yes,yes,5,4,3,2,2,1,26,7,8,8,C
257,GP,M,17,U,GT3,T,1,1,teacher,teacher,course,mother,1,1,0,no,yes,no,yes,no,yes,yes,no,5,2,1,1,2,5,6,10,8,9,C
258,GP,F,17,U,GT3,T,1,0,other,other,course,father,1,2,0,no,no,no,yes,yes,yes,no,no,5,4,2,1,1,3,4,14,14,15,B
259,GP,F,17,U,LE3,T,0,0,at_home,at_home,course,mother,1,3,0,no,yes,no,yes,yes,yes,yes,yes,5,3,2,1,2,4,10,11,10,10,C
260,GP,F,16,U,GT3,T,0,0,other,other,course,mother,1,1,0,no,no,no,no,yes,no,yes,no,5,3,5,1,2,5,4,12,11,11,B
261,GP,F,17,R,GT3,T,0,0,at_home,services,course,mother,3,2,0,no,no,no,yes,yes,yes,no,no,1,1,1,1,1,3,2,13,13,13,B
262,GP,F,17,R,LE3,A,0,1,other,other,course,other,4,1,1,no,yes,no,no,yes,yes,yes,no,5,5,4,1,1,5,14,9,9,8,C
263,GP,M,18,U,GT3,T,0,0,other,services,reputation,father,1,2,0,no,no,no,no,yes,no,yes,no,5,5,4,3,5,2,16,8,7,8,C
264,GP,F,17,U,LE3,A,0,0,other,other,home,mother,1,1,1,no,yes,no,no,no,no,yes,no,1,1,2,1,1,1,8,11,9,10,C
265,GP,F,17,R,LE3,T,0,0,at_home,other,course,mother,2,3,0,no,no,no,yes,yes,yes,yes,no,5,3,3,1,3,5,4,15,14,15,B
266,GP,F,17,U,LE3,A,1,0,teacher,other,course,mother,1,2,0,no,yes,no,yes,yes,yes,no,no,5,3,2,1,1,4,4,15,14,14,B
267,GP,M,17,U,LE3,T,1,1,health,other,course,mother,2,2,0,no,no,no,yes,yes,yes,yes,yes,1,5,5,1,4,5,8,15,15,15,B
268,GP,M,17,R,LE3,A,1,1,teacher,other,course,mother,2,2,0,no,yes,no,no,yes,yes,yes,no,1,3,3,2,3,4,0,12,12,12,B
269,GP,M,16,U,LE3,T,1,1,teacher,other,course,mother,1,1,0,no,no,no,yes,no,yes,yes,no,5,4,5,1,1,3,7,14,14,15,B
270,GP,M,16,U,GT3,T,1,1,services,services,course,mother,1,1,0,no,no,yes,yes,yes,yes,yes,no,5,3,2,1,2,5,4,14,15,15,B
271,GP,F,17,U,GT3,T,1,1,teacher,services,course,mother,1,2,0,no,yes,yes,no,yes,yes,yes,yes,5,3,1,1,4,5,2,11,11,12,B
272,GP,M,17,R,GT3,T,0,0,other,other,home,father,2,3,0,no,no,no,no,no,yes,yes,yes,5,3,3,1,1,1,2,13,14,15,B
273,GP,F,17,U,GT3,T,1,1,services,other,home,mother,2,3,0,no,yes,no,no,yes,yes,yes,yes,5,2,2,2,3,5,10,11,11,11,B
274,GP,F,17,U,GT3,T,0,0,at_home,other,course,mother,1,2,0,yes,no,no,no,no,yes,no,yes,5,3,2,1,1,4,10,10,9,10,C
275,GP,F,18,U,GT3,T,0,0,other,other,course,other,2,3,0,no,yes,no,no,no,yes,yes,yes,5,4,4,1,1,3,10,12,10,11,B
276,GP,M,16,U,GT3,T,0,0,other,other,course,mother,3,1,0,no,no,no,no,yes,yes,yes,no,5,3,3,1,1,4,7,15,16,16,A
277,GP,F,17,U,GT3,T,0,0,other,services,course,father,1,2,0,no,yes,no,no,yes,yes,no,no,5,3,4,1,2,5,4,11,10,11,B
278,GP,M,17,U,GT3,T,0,1,other,other,course,father,2,1,0,no,no,no,no,yes,yes,yes,no,5,2,2,1,1,2,2,9,12,13,B
279,GP,M,22,U,GT3,T,1,0,services,services,other,mother,1,1,3,no,no,no,no,no,no,yes,yes,5,4,5,5,5,1,12,7,8,5,D
280,GP,M,18,R,LE3,T,1,1,other,services,course,mother,1,2,0,no,yes,no,no,yes,yes,yes,yes,5,3,3,1,3,5,8,10,9,10,C
281,GP,M,16,U,GT3,T,0,0,other,other,other,mother,1,1,0,no,no,no,no,no,yes,yes,no,5,3,2,2,4,5,0,11,12,11,B
282,GP,M,18,U,GT3,T,1,0,services,other,course,mother,2,1,0,no,no,no,no,yes,no,yes,no,5,4,5,2,4,5,8,7,8,7,C
283,GP,M,16,U,GT3,T,1,1,at_home,other,reputation,other,3,2,1,yes,yes,no,no,no,yes,yes,no,5,3,3,1,3,2,4,9,11,10,C
284,GP,M,18,U,GT3,T,0,0,services,services,other,mother,1,1,2,no,no,no,no,no,no,yes,no,1,2,5,2,5,5,4,7,8,6,C
285,GP,M,16,R,GT3,T,0,0,other,other,course,mother,2,1,0,no,no,no,yes,no,yes,no,no,1,3,2,1,3,3,2,14,13,12,B
286,GP,M,17,R,GT3,T,0,0,other,other,course,mother,1,1,0,no,no,no,no,no,yes,yes,no,5,4,2,2,4,5,0,12,12,13,B
287,GP,M,17,U,LE3,T,0,0,health,other,course,mother,2,1,1,no,yes,no,yes,yes,yes,yes,no,5,4,4,1,2,5,0,9,10,10,C
288,GP,F,18,U,LE3,A,0,0,other,other,course,mother,1,2,0,no,yes,no,no,no,yes,yes,yes,5,3,4,1,3,5,2,12,12,13,B
289,GP,F,17,U,LE3,T,1,0,teacher,services,reputation,mother,1,4,0,no,yes,no,yes,yes,yes,yes,no,5,2,3,1,1,4,2,14,15,17,A
290,GP,F,19,U,GT3,T,0,0,services,services,home,mother,1,2,0,no,yes,no,no,yes,yes,yes,no,5,3,3,1,1,5,0,10,10,11,B
291,GP,M,18,U,LE3,T,0,0,services,other,course,mother,3,2,1,no,no,no,yes,no,no,yes,no,5,4,5,4,4,5,4,11,10,11,B
292,GP,F,17,R,GT3,T,1,0,other,other,course,mother,1,3,0,no,yes,no,yes,yes,yes,yes,no,5,3,4,1,3,5,2,11,12,14,B
293,GP,F,18,U,LE3,T,0,0,other,at_home,home,mother,1,3,0,no,yes,no,no,no,yes,no,no,5,4,3,2,3,3,4,11,12,14,B
294,GP,F,18,R,GT3,T,0,0,other,other,home,mother,1,2,0,yes,no,no,no,yes,yes,no,no,1,2,3,1,1,5,4,11,11,13,B
295,GP,M,19,U,LE3,A,1,1,services,at_home,reputation,mother,1,2,0,no,yes,no,no,yes,yes,yes,no,5,3,1,1,1,1,4,11,13,14,B
296,GP,M,18,U,GT3,T,0,0,other,other,home,mother,1,2,0,no,no,no,yes,yes,yes,yes,no,5,2,4,1,2,4,2,16,16,16,A
297,GP,M,17,R,GT3,T,0,0,other,services,other,mother,2,1,0,no,no,no,no,no,no,no,no,5,2,2,1,1,4,0,9,10,10,C
298,GP,F,17,U,LE3,T,0,0,services,services,course,father,1,4,0,no,no,no,yes,yes,yes,yes,yes,1,4,1,1,1,2,2,10,11,12,B
299,GP,F,20,R,GT3,T,0,0,other,other,course,other,2,2,0,no,yes,yes,yes,yes,no,yes,yes,1,2,3,1,2,2,8,10,12,12,B
300,GP,F,18,U,GT3,T,1,1,services,other,home,father,1,2,0,no,yes,no,no,yes,yes,yes,yes,1,1,2,1,3,2,2,15,15,15,B
301,GP,M,18,U,GT3,T,1,1,teacher,other,course,mother,1,2,0,no,yes,no,no,no,yes,yes,no,5,3,2,1,1,3,2,10,10,11,B
302,GP,M,18,R,GT3,T,1,0,other,other,course,mother,1,3,0,no,no,no,yes,no,yes,no,no,5,3,2,1,1,3,2,10,11,12,B
303,GP,F,17,U,GT3,T,1,1,other,other,home,mother,1,3,0,no,no,no,yes,no,yes,no,no,1,2,3,1,1,4,2,15,12,13,B
304,GP,F,18,U,GT3,T,0,0,at_home,services,home,mother,1,3,0,no,yes,no,yes,yes,yes,yes,yes,5,3,3,1,1,3,0,11,12,13,B
305,GP,M,17,U,GT3,T,0,0,other,other,home,father,2,1,0,no,no,no,no,yes,no,yes,no,5,4,4,2,3,4,8,8,8,9,C
306,GP,M,18,R,LE3,A,1,1,other,other,reputation,mother,2,2,0,no,yes,no,yes,yes,yes,yes,no,5,2,5,3,4,1,6,15,16,16,A
307,GP,M,17,U,GT3,T,1,0,services,other,other,mother,1,2,0,no,no,no,yes,yes,yes,yes,yes,5,4,4,3,4,5,0,11,11,14,B
308,GP,F,18,R,GT3,T,1,1,teacher,other,reputation,mother,2,2,0,no,no,no,yes,yes,yes,yes,no,5,3,4,2,2,4,8,10,11,12,B
309,GP,M,18,U,GT3,T,1,0,health,other,reputation,father,1,2,0,no,yes,no,yes,yes,yes,yes,yes,5,4,5,1,3,5,4,10,12,14,B
310,GP,F,18,R,GT3,T,0,0,other,other,reputation,mother,2,2,0,no,yes,no,no,yes,no,yes,yes,5,3,5,1,2,3,12,8,9,10,C
311,GP,F,19,U,GT3,T,1,1,other,services,home,other,1,2,0,no,yes,no,yes,yes,yes,yes,no,5,3,5,3,3,5,16,11,12,12,B
312,GP,F,18,U,GT3,T,0,1,other,services,reputation,father,1,4,0,no,yes,no,yes,yes,yes,yes,yes,5,5,5,1,3,2,10,16,16,16,A
313,GP,F,18,U,LE3,T,0,0,other,other,home,mother,2,2,0,no,yes,no,no,no,yes,no,no,5,4,3,1,1,3,2,13,13,13,B
314,GP,M,17,R,GT3,T,0,0,at_home,at_home,home,mother,1,2,0,no,yes,no,yes,no,yes,no,yes,1,5,2,2,2,1,2,16,17,18,A
315,GP,F,18,U,GT3,T,0,0,other,other,home,mother,1,2,0,no,yes,no,no,yes,yes,yes,yes,5,2,5,1,2,1,8,14,14,15,B
316,GP,F,17,U,GT3,T,0,1,at_home,health,reputation,mother,2,2,0,no,yes,no,no,yes,yes,yes,yes,5,3,3,1,1,1,6,15,16,16,A
317,GP,F,17,U,LE3,T,0,0,services,other,course,mother,2,2,0,yes,yes,no,no,yes,yes,yes,yes,5,4,4,2,3,5,6,12,12,12,B
318,GP,F,18,R,GT3,A,1,0,other,services,home,mother,2,2,0,no,no,no,no,no,no,yes,yes,5,1,1,1,1,5,15,12,9,10,C
319,GP,M,18,U,GT3,T,1,1,teacher,services,home,mother,2,1,0,no,no,no,yes,yes,yes,yes,no,1,2,4,1,4,3,6,11,12,12,B
320,GP,F,18,U,GT3,T,1,1,health,health,reputation,father,1,2,1,yes,yes,no,yes,yes,yes,yes,yes,1,4,4,1,1,4,2,14,12,13,B
321,GP,F,17,U,GT3,T,0,0,other,services,reputation,father,3,3,0,no,yes,no,no,yes,yes,yes,yes,5,2,3,1,1,1,8,13,15,15,B
322,GP,F,19,R,GT3,T,1,0,services,services,reputation,father,1,2,1,yes,yes,no,no,yes,no,yes,no,1,3,3,4,3,3,0,9,8,10,C
323,GP,M,18,U,LE3,T,1,1,teacher,services,course,mother,2,1,0,no,no,no,yes,yes,yes,yes,no,5,2,3,1,2,1,0,10,10,10,C
324,GP,M,18,U,GT3,T,0,0,at_home,other,home,other,2,1,0,no,no,no,no,no,no,yes,no,1,4,4,2,4,4,10,10,10,11,B
325,GP,M,17,U,LE3,A,1,0,services,other,home,mother,2,1,0,no,no,no,yes,yes,yes,yes,yes,5,5,4,2,4,5,22,11,11,10,C
326,GP,M,17,U,LE3,A,1,0,teacher,services,home,mother,1,1,0,no,no,no,no,yes,yes,yes,no,5,4,4,3,4,3,18,13,13,13,B
327,GP,F,18,R,LE3,T,0,0,at_home,other,reputation,mother,2,4,0,no,yes,no,yes,yes,yes,no,no,5,2,2,1,1,3,2,17,17,18,A
328,GP,F,18,U,GT3,T,0,0,other,other,home,mother,2,2,0,yes,no,no,yes,yes,yes,yes,no,5,4,4,1,1,4,0,12,13,13,B
329,GP,F,17,U,GT3,T,0,0,other,other,course,mother,1,2,0,no,yes,no,no,no,yes,yes,no,5,4,5,1,2,5,12,12,12,14,B
330,GP,F,18,U,GT3,T,0,0,other,other,reputation,mother,2,2,0,no,no,no,yes,yes,yes,yes,yes,5,3,1,1,1,5,10,12,13,14,B
331,GP,M,17,U,GT3,T,0,0,other,other,reputation,father,1,2,0,no,no,no,no,no,yes,yes,no,5,3,3,1,2,4,0,12,12,12,B
332,GP,F,18,U,GT3,T,0,0,at_home,at_home,other,mother,1,3,0,no,yes,no,no,yes,yes,yes,no,5,3,3,1,2,2,0,18,18,18,A
333,GP,F,17,U,GT3,T,0,0,services,teacher,reputation,mother,1,3,0,no,yes,no,no,yes,yes,yes,no,5,3,3,1,1,3,0,13,13,14,B
334,GP,M,18,U,GT3,T,0,0,services,services,reputation,mother,1,3,0,no,no,no,yes,yes,yes,yes,no,5,2,4,1,3,2,0,14,15,15,B
335,GP,M,18,U,LE3,A,1,1,teacher,teacher,reputation,mother,1,2,0,no,yes,no,yes,yes,yes,yes,no,5,4,3,1,1,2,0,17,17,17,A
336,GP,M,18,U,GT3,T,1,0,teacher,other,home,mother,1,2,0,no,yes,no,yes,yes,yes,yes,yes,5,3,2,1,4,5,2,15,16,16,A
337,GP,F,17,U,GT3,T,1,1,health,services,reputation,mother,1,3,0,no,yes,no,no,yes,yes,yes,no,5,2,2,1,2,3,0,17,18,18,A
338,GP,F,17,R,LE3,T,1,0,services,other,reputation,mother,2,4,0,no,yes,no,no,yes,yes,no,no,1,1,2,1,1,3,0,18,19,19,A
339,GP,M,18,R,LE3,T,1,0,services,other,reputation,mother,2,3,0,no,yes,no,yes,yes,yes,yes,no,5,4,2,1,1,4,0,14,15,15,B
340,GP,M,17,U,GT3,T,1,1,health,other,home,mother,1,1,0,no,yes,no,no,yes,yes,yes,no,5,4,3,1,3,5,0,14,15,15,B
341,GP,F,19,U,GT3,T,1,1,health,other,reputation,other,2,2,0,no,yes,no,yes,yes,yes,yes,no,1,3,4,2,3,2,2,14,13,13,B
342,GP,F,18,U,LE3,T,1,1,other,other,home,other,2,2,0,no,yes,no,no,yes,yes,yes,yes,5,4,5,1,2,2,0,13,14,14,B
343,GP,F,18,U,GT3,T,1,1,other,other,reputation,father,1,4,0,no,yes,no,no,yes,yes,yes,no,5,3,3,1,1,3,0,16,17,17,A
344,GP,M,18,U,LE3,T,1,1,teacher,teacher,home,mother,1,1,0,no,yes,no,no,yes,yes,yes,yes,1,4,2,2,2,1,0,18,18,17,A
345,GP,F,18,U,LE3,A,1,1,health,other,home,mother,1,2,0,no,yes,yes,no,yes,yes,yes,yes,5,2,4,1,1,4,0,14,15,15,B
346,GP,M,17,U,LE3,T,1,1,other,teacher,home,father,2,1,0,no,no,no,no,yes,yes,yes,no,5,1,1,2,2,5,0,12,13,13,B
347,GP,F,17,R,GT3,T,1,1,services,services,reputation,mother,2,3,0,no,yes,no,yes,yes,yes,yes,no,5,3,4,1,1,5,0,7,7,8,C
348,GP,F,17,U,GT3,T,1,0,other,other,reputation,mother,2,3,0,no,yes,no,no,yes,yes,yes,no,5,3,3,1,1,3,0,16,16,16,A
349,GP,F,17,U,GT3,T,1,0,health,health,reputation,father,1,4,0,no,yes,no,yes,no,yes,yes,no,5,2,2,1,2,5,0,18,18,18,A
350,GP,M,19,R,LE3,T,0,0,at_home,services,course,mother,2,3,1,no,no,no,yes,yes,yes,yes,yes,5,3,1,1,1,5,0,9,10,11,B
351,GP,M,20,U,GT3,A,1,0,services,other,course,other,1,1,2,no,no,no,yes,yes,yes,no,no,5,5,3,1,1,5,0,14,15,15,B
352,GP,M,19,R,GT3,T,1,1,other,services,reputation,father,1,2,0,no,no,no,yes,yes,yes,no,yes,5,5,3,1,2,5,0,10,10,11,B
353,GP,F,18,U,GT3,T,0,1,other,teacher,home,mother,1,2,0,yes,yes,no,no,no,yes,no,yes,1,4,4,1,2,5,2,10,10,11,B
354,GP,F,18,U,GT3,T,0,0,services,other,course,mother,2,2,0,no,yes,no,yes,yes,yes,yes,no,5,3,3,1,2,1,2,12,12,15,B
355,GP,F,17,U,GT3,T,0,1,other,other,course,father,2,2,0,no,no,no,yes,yes,yes,yes,yes,5,2,1,1,1,3,2,11,12,14,B
356,GP,F,17,R,GT3,T,1,1,teacher,teacher,course,mother,1,1,0,no,no,no,yes,yes,yes,yes,no,5,4,4,1,1,5,2,15,16,17,A
357,GP,F,18,U,GT3,T,1,1,other,other,course,mother,1,3,0,no,yes,no,yes,yes,yes,yes,yes,5,3,4,1,1,5,2,14,15,17,A
358,GP,F,18,U,LE3,T,1,1,health,services,course,mother,2,1,0,no,yes,no,no,yes,yes,yes,no,1,2,4,1,4,1,8,12,12,15,B
359,GP,F,17,R,GT3,T,1,1,at_home,services,course,father,1,3,0,no,yes,no,yes,no,yes,yes,no,5,3,4,2,5,5,2,15,15,17,A
360,GP,F,18,U,GT3,T,1,1,at_home,other,course,father,1,2,0,no,yes,no,no,yes,yes,yes,no,5,1,4,1,1,3,8,11,12,14,B
361,GP,M,19,U,GT3,T,1,0,health,other,course,mother,2,2,0,no,yes,no,yes,yes,yes,yes,yes,5,4,4,1,1,1,9,11,10,10,C
362,GP,F,18,U,GT3,T,1,1,teacher,other,course,mother,1,2,0,no,yes,no,no,yes,yes,yes,no,5,4,4,3,3,5,0,12,11,13,B
363,GP,F,18,U,GT3,T,1,1,other,other,course,mother,1,1,0,no,yes,no,yes,yes,yes,yes,yes,5,4,4,1,1,1,4,11,12,14,B
364,GP,F,17,U,GT3,T,1,1,health,health,course,mother,1,1,0,no,no,no,yes,yes,yes,yes,no,5,3,4,1,2,5,2,14,15,17,A
365,GP,F,17,U,GT3,A,1,1,services,services,course,mother,1,2,0,no,yes,no,no,yes,yes,yes,yes,5,2,2,1,2,5,14,15,14,17,A
366,GP,F,17,U,LE3,A,1,1,services,other,home,mother,1,2,0,yes,yes,no,no,yes,yes,yes,no,5,3,3,1,1,5,0,12,12,13,B
367,GP,F,17,U,LE3,T,0,0,other,other,home,father,1,2,0,no,no,no,yes,yes,yes,yes,no,5,2,3,2,2,2,2,11,12,14,B
368,GP,M,18,U,LE3,T,1,1,other,other,reputation,father,1,1,0,no,yes,no,no,yes,yes,yes,no,5,2,5,3,4,5,2,8,9,11,B
369,GP,F,19,U,GT3,T,0,0,other,other,course,other,3,3,0,no,no,no,yes,yes,no,no,yes,1,5,5,4,3,5,12,10,10,11,B
370,GP,F,19,U,LE3,A,0,0,other,other,course,other,3,2,2,no,yes,no,no,no,yes,yes,yes,5,3,4,1,1,4,2,8,8,9,C
371,GP,F,18,U,GT3,T,0,0,other,other,course,mother,1,1,0,no,yes,no,yes,yes,yes,yes,yes,5,3,5,2,4,5,2,10,10,10,C
372,GP,F,17,U,GT3,T,0,0,other,other,course,mother,1,2,0,no,yes,no,no,yes,yes,no,yes,5,2,2,1,1,3,4,14,13,13,B
373,GP,F,17,R,LE3,T,0,0,services,services,course,mother,1,3,0,no,yes,no,yes,yes,yes,yes,no,1,3,2,2,2,3,0,11,11,10,C
374,GP,F,17,U,GT3,T,1,0,services,services,course,father,1,3,0,no,yes,no,no,no,yes,yes,no,1,4,3,2,3,5,0,17,18,17,A
375,GP,F,17,U,LE3,T,0,0,at_home,at_home,home,father,2,3,0,no,no,no,no,yes,yes,yes,no,1,3,3,2,3,2,0,14,14,15,B
376,GP,F,18,U,GT3,T,0,0,other,other,home,mother,2,3,0,no,no,no,yes,yes,yes,yes,no,5,5,5,1,2,2,0,14,14,14,B
377,GP,M,18,U,GT3,T,1,1,other,other,course,mother,1,3,0,no,no,no,yes,yes,yes,yes,no,5,3,3,2,2,3,0,13,14,13,B
378,GP,M,17,U,GT3,T,1,1,other,services,reputation,mother,1,1,0,no,no,no,yes,no,yes,yes,no,5,3,5,3,5,5,0,17,18,17,A
379,GP,M,17,R,GT3,T,0,0,services,other,course,mother,4,1,0,no,yes,no,no,yes,yes,yes,no,5,4,5,5,5,4,2,11,10,10,C
380,GP,F,17,U,GT3,T,1,1,teacher,services,course,mother,1,3,0,no,yes,no,yes,yes,yes,yes,no,5,4,4,1,3,4,0,13,12,13,B
381,GP,F,17,U,GT3,T,1,1,teacher,teacher,course,mother,2,3,0,no,yes,no,no,no,yes,yes,yes,5,3,3,1,2,4,4,15,14,15,B
382,GP,F,17,U,GT3,T,1,1,at_home,other,course,mother,1,1,0,no,yes,yes,yes,yes,yes,yes,no,5,2,5,2,5,5,2,11,12,11,B
383,GP,M,18,U,LE3,T,0,0,other,other,course,mother,1,4,0,no,yes,yes,yes,yes,yes,yes,no,5,5,5,2,4,5,0,11,11,12,B
384,GP,M,19,R,GT3,T,1,0,at_home,services,home,other,1,1,0,no,yes,no,no,no,yes,no,yes,5,3,4,2,2,5,0,11,10,10,C
385,GP,F,18,U,GT3,T,0,0,at_home,other,course,mother,4,2,0,no,no,no,yes,yes,yes,no,yes,5,2,5,1,1,2,2,10,9,10,C
386,GP,F,17,R,GT3,T,0,1,at_home,other,course,father,1,3,0,no,yes,no,no,yes,yes,yes,yes,5,4,3,1,1,5,0,15,15,15,B
387,GP,M,18,U,GT3,T,0,0,other,other,reputation,mother,1,1,0,no,no,no,no,no,yes,yes,no,5,4,2,1,2,5,6,15,14,15,B
388,GP,F,18,U,GT3,T,1,1,services,services,home,mother,1,2,0,no,no,no,yes,yes,yes,yes,no,5,3,4,1,1,4,8,10,11,12,B
389,GP,F,18,U,LE3,T,0,0,other,other,home,other,1,2,0,no,no,no,yes,no,yes,yes,yes,5,3,3,1,1,2,0,10,9,12,B
390,GP,F,18,R,GT3,T,0,0,at_home,other,course,mother,2,4,0,no,no,no,yes,yes,yes,no,no,5,4,4,1,1,4,6,14,13,14,B
391,GP,F,17,U,GT3,T,1,1,services,other,course,mother,1,3,0,no,no,no,no,yes,yes,yes,no,5,4,5,1,3,5,8,11,13,14,B
392,GP,F,17,U,GT3,T,1,0,other,other,home,mother,1,2,0,no,yes,no,no,yes,yes,yes,yes,5,3,2,2,3,2,0,12,13,15,B
393,GP,F,18,U,LE3,T,1,1,services,services,home,mother,1,4,0,no,yes,no,no,yes,yes,yes,no,5,3,3,1,1,1,4,14,14,15,B
394,GP,F,17,R,GT3,A,1,0,other,other,home,mother,1,2,0,no,yes,no,no,yes,yes,yes,no,5,3,3,2,3,2,0,14,14,16,A
395,GP,M,18,U,GT3,T,1,1,teacher,services,home,father,1,2,0,no,yes,no,yes,yes,yes,yes,no,5,3,3,2,2,2,0,12,12,13,B
396,GP,M,18,U,LE3,T,1,1,services,other,home,mother,1,2,0,no,no,no,yes,yes,yes,yes,yes,5,3,3,1,3,5,6,16,16,17,A
397,GP,F,17,U,GT3,A,0,0,at_home,at_home,home,father,1,2,0,no,yes,no,no,yes,yes,yes,yes,1,3,1,1,2,4,18,10,12,14,B
398,GP,F,18,U,GT3,T,0,1,at_home,other,course,mother,1,3,0,no,yes,no,no,yes,yes,yes,no,5,3,3,1,2,3,0,11,12,14,B
399,GP,F,18,U,GT3,T,1,0,other,services,other,mother,1,3,0,no,no,no,no,yes,yes,yes,yes,5,4,3,2,3,1,4,14,16,17,A
400,GP,M,18,R,GT3,T,1,1,teacher,services,course,mother,1,3,0,no,no,no,no,yes,yes,yes,yes,5,3,2,1,2,4,4,15,14,17,A
401,GP,M,18,U,GT3,T,1,1,teacher,other,course,mother,1,3,0,no,yes,no,no,yes,yes,yes,yes,5,4,5,2,3,5,0,14,13,14,B
402,GP,F,17,U,GT3,T,1,1,health,other,reputation,mother,1,3,0,no,yes,no,yes,yes,yes,yes,yes,5,4,3,1,3,4,0,11,12,13,B
403,GP,F,17,U,GT3,T,0,0,services,other,course,mother,2,2,0,no,yes,no,yes,yes,yes,yes,yes,5,3,4,2,2,1,10,12,15,15,B
404,GP,F,17,U,GT3,T,0,0,services,other,reputation,mother,1,2,0,no,yes,no,yes,yes,yes,yes,no,5,3,5,2,4,4,4,12,16,16,A
405,GP,F,19,U,LE3,A,0,1,at_home,other,home,other,2,1,1,no,no,no,no,yes,no,yes,no,1,2,3,3,4,5,16,10,11,11,B
406,GP,F,17,U,GT3,T,1,0,other,at_home,home,mother,1,1,1,no,yes,yes,no,yes,yes,yes,yes,5,1,2,1,1,3,6,10,13,13,B
407,GP,F,21,U,LE3,T,1,1,other,other,reputation,other,1,3,2,no,no,yes,yes,yes,yes,yes,no,1,3,2,1,1,5,0,9,12,12,B
408,GP,M,18,U,LE3,T,0,0,services,services,reputation,mother,1,2,0,no,yes,no,yes,no,no,yes,no,5,4,4,1,3,3,11,9,11,12,B
409,GP,M,18,U,LE3,A,1,1,other,other,reputation,other,1,2,0,no,no,no,yes,yes,yes,yes,yes,5,3,5,1,4,2,9,13,14,15,B
410,GP,F,17,U,GT3,T,0,0,services,services,reputation,mother,1,2,0,no,yes,no,yes,yes,yes,yes,no,5,3,4,1,3,4,0,13,17,17,A
411,GP,M,17,U,LE3,A,1,1,health,other,reputation,mother,1,3,0,no,yes,no,no,yes,yes,yes,no,5,4,2,1,2,4,2,12,15,15,B
412,GP,F,18,U,LE3,T,1,0,teacher,other,course,mother,1,2,0,no,yes,no,yes,yes,yes,yes,no,5,2,2,1,1,3,0,14,17,17,A
413,GP,M,21,R,LE3,T,0,0,at_home,other,course,other,2,2,2,no,yes,no,yes,yes,no,yes,yes,5,3,3,5,2,4,21,9,10,10,C
414,GP,F,20,R,GT3,T,0,0,other,other,reputation,other,2,3,0,no,no,no,no,yes,yes,yes,yes,1,2,2,1,3,3,8,11,15,15,B
415,GP,F,19,U,GT3,T,1,1,teacher,other,home,other,1,1,1,no,yes,no,no,yes,yes,yes,yes,1,2,5,4,4,5,5,9,10,11,B
416,GP,M,17,U,LE3,A,1,0,other,other,reputation,mother,1,2,0,no,yes,no,no,yes,yes,yes,no,5,4,4,1,2,5,10,16,18,18,A
417,GP,F,18,U,GT3,T,1,0,at_home,other,reputation,father,1,3,0,no,yes,no,no,yes,yes,yes,yes,5,3,4,1,2,2,5,14,17,17,A
418,GP,M,18,R,GT3,T,0,1,other,services,reputation,father,1,1,0,no,no,no,no,yes,yes,yes,no,1,1,3,4,5,4,13,13,14,14,B
419,GP,M,19,U,GT3,T,0,0,other,other,reputation,mother,1,1,0,no,no,no,no,yes,yes,yes,no,5,3,4,1,4,4,10,7,11,11,B
420,GP,F,18,U,LE3,A,0,0,services,other,reputation,mother,2,2,0,no,yes,no,no,yes,yes,yes,no,5,1,4,1,3,4,10,14,17,17,A
421,GP,F,20,U,GT3,T,0,0,other,other,reputation,mother,2,1,1,yes,no,no,no,yes,yes,yes,yes,5,3,1,1,1,5,5,8,10,10,C
422,GP,F,18,U,GT3,T,1,0,services,other,home,mother,1,2,0,no,yes,no,yes,no,yes,yes,yes,1,1,2,1,2,1,4,10,13,13,B
423,MS,F,16,U,GT3,T,0,1,at_home,other,other,father,2,1,0,no,yes,no,no,yes,no,yes,yes,5,3,3,1,3,5,11,10,11,11,B
424,MS,F,16,R,GT3,T,0,0,other,other,course,mother,2,2,0,no,yes,no,yes,yes,yes,yes,no,5,4,4,1,1,5,0,12,12,12,B
425,MS,F,15,R,GT3,T,0,0,at_home,services,other,mother,1,1,1,no,yes,no,no,yes,yes,no,yes,5,1,3,1,1,2,6,10,10,10,C
426,MS,F,15,R,GT3,T,1,1,at_home,other,course,mother,2,1,0,no,yes,no,no,yes,yes,yes,no,5,4,4,2,3,5,4,10,10,11,B
427,MS,F,16,R,GT3,T,0,1,at_home,services,course,mother,2,2,0,no,no,no,no,yes,yes,no,no,5,5,2,1,2,5,0,16,17,17,A
428,MS,F,15,R,LE3,T,0,0,at_home,other,home,mother,2,1,0,no,no,no,no,yes,no,no,no,1,3,4,1,1,1,0,6,8,9,C
429,MS,M,16,R,LE3,A,1,1,at_home,other,home,mother,1,2,0,no,yes,no,no,yes,yes,no,no,5,3,2,1,3,2,5,10,11,11,B
430,MS,M,16,U,GT3,A,0,0,other,other,other,mother,1,3,0,yes,no,no,no,yes,yes,yes,no,5,4,3,1,1,5,0,10,11,11,B
431,MS,F,17,R,GT3,T,1,0,at_home,other,course,father,1,2,1,no,no,no,no,yes,yes,no,yes,5,5,4,1,2,5,0,10,10,10,C
432,MS,F,17,R,GT3,T,0,0,other,other,other,father,1,1,1,no,yes,no,no,no,no,yes,no,5,4,4,2,2,5,0,6,6,7,C
433,MS,F,15,R,GT3,T,1,1,teacher,other,course,mother,2,1,0,no,no,no,no,yes,yes,yes,yes,1,5,1,3,5,5,0,13,14,14,B
434,MS,F,16,U,LE3,A,0,0,at_home,other,reputation,mother,2,4,0,no,no,no,yes,no,no,no,yes,1,2,1,1,1,1,4,10,9,11,B
435,MS,F,15,R,LE3,T,0,0,at_home,services,reputation,father,2,2,0,no,yes,no,no,yes,yes,yes,no,5,4,3,1,2,4,0,10,10,10,C
436,MS,F,15,R,LE3,T,0,0,other,services,course,mother,2,1,1,no,yes,no,no,yes,yes,yes,yes,5,4,3,1,2,2,4,6,7,8,C
437,MS,F,16,R,GT3,T,0,0,other,other,other,mother,2,1,0,no,yes,no,yes,yes,yes,no,no,1,2,3,1,2,2,0,12,11,12,B
438,MS,F,17,R,GT3,T,0,1,other,other,course,mother,2,1,0,no,yes,no,no,yes,yes,yes,no,5,5,5,1,3,3,2,10,11,12,B
439,MS,F,15,R,GT3,T,1,1,other,services,course,father,2,1,0,no,no,no,no,no,yes,yes,no,5,1,3,1,1,4,0,14,16,16,A
440,MS,M,16,U,GT3,T,0,0,at_home,services,home,mother,2,2,0,no,yes,no,yes,yes,yes,no,yes,5,4,5,4,5,3,0,7,0,0,D
441,MS,M,17,U,GT3,T,0,0,other,other,home,mother,1,2,0,no,no,yes,no,no,yes,yes,no,5,4,3,2,4,5,4,8,9,9,C
442,MS,M,15,R,LE3,T,1,0,health,services,reputation,father,1,2,0,no,yes,no,yes,yes,yes,yes,no,5,3,4,1,2,2,0,12,13,14,B
443,MS,M,15,R,LE3,T,1,0,health,services,reputation,father,1,2,0,no,yes,no,yes,yes,yes,yes,no,5,3,4,1,2,2,7,7,9,8,C
444,MS,M,16,R,GT3,T,1,1,other,health,other,mother,3,2,0,no,no,no,no,no,yes,no,no,1,4,5,1,2,5,4,9,10,11,B
445,MS,M,15,R,GT3,T,0,0,other,other,course,mother,4,2,0,no,yes,no,yes,yes,yes,no,yes,5,4,5,2,4,4,8,7,9,9,C
446,MS,M,15,U,LE3,T,1,1,at_home,at_home,reputation,father,1,2,0,no,yes,no,yes,yes,yes,yes,no,5,3,3,1,1,5,0,11,11,11,B
447,MS,M,17,R,GT3,T,0,0,other,other,other,mother,3,1,0,no,no,no,yes,yes,no,no,yes,5,5,5,5,5,3,8,8,10,9,C
448,MS,F,16,R,GT3,T,1,1,teacher,teacher,course,mother,2,3,0,no,no,no,yes,yes,yes,yes,yes,5,2,2,1,1,4,6,16,16,17,A
449,MS,F,15,R,GT3,T,0,0,other,services,course,mother,2,1,0,no,no,no,no,yes,yes,no,no,5,1,2,1,1,1,3,11,13,13,B
450,MS,F,16,R,GT3,T,0,1,other,services,course,mother,3,2,0,no,yes,no,no,yes,yes,yes,no,5,5,4,1,2,1,2,15,15,15,B
451,MS,M,16,R,GT3,T,0,0,other,other,course,father,2,2,0,no,no,no,no,yes,yes,no,no,5,3,3,1,1,5,0,10,11,11,B
452,MS,F,16,R,GT3,T,0,0,other,other,course,mother,3,2,0,no,yes,no,no,yes,yes,yes,no,5,4,5,1,1,4,4,9,10,11,B
453,MS,F,16,U,GT3,T,0,0,other,services,course,mother,1,3,1,no,yes,no,no,yes,yes,no,no,1,3,2,1,2,4,0,10,8,8,C
454,MS,F,16,U,GT3,T,0,0,other,services,course,mother,1,3,1,no,yes,no,no,yes,yes,no,no,1,3,2,1,2,4,3,9,8,8,C
455,MS,F,15,U,GT3,T,0,0,at_home,other,home,mother,1,2,0,yes,yes,no,no,no,yes,yes,no,5,4,2,3,3,2,0,9,10,9,C
456,MS,F,16,U,GT3,T,0,0,at_home,other,course,father,1,2,0,no,yes,no,no,no,yes,no,yes,5,4,3,2,1,2,0,13,14,15,B
457,MS,M,17,R,LE3,T,0,0,at_home,services,reputation,mother,1,1,0,no,yes,no,yes,yes,yes,yes,no,5,5,5,5,5,3,4,10,11,11,B
458,MS,F,16,R,GT3,T,0,0,other,other,home,father,4,4,0,no,yes,no,no,no,yes,yes,no,5,3,2,1,1,1,0,13,10,13,B
459,MS,F,16,R,GT3,T,0,0,at_home,other,other,father,4,3,0,yes,yes,no,no,yes,yes,no,no,5,4,3,1,1,5,2,10,9,10,C
460,MS,F,15,R,GT3,T,0,0,at_home,other,home,father,2,2,0,no,yes,no,yes,yes,yes,yes,no,5,3,3,1,1,2,1,11,10,11,B
461,MS,F,16,R,GT3,T,0,0,at_home,other,other,mother,2,1,0,no,no,no,yes,yes,yes,yes,yes,5,2,2,4,3,2,0,13,12,14,B
462,MS,F,15,R,GT3,T,0,0,at_home,at_home,course,father,3,2,0,no,yes,no,no,yes,yes,no,no,5,2,1,1,2,2,0,13,14,14,B
463,MS,F,15,R,LE3,T,0,0,other,other,other,father,1,3,0,yes,yes,no,no,yes,yes,no,no,5,4,3,2,2,5,2,14,11,12,B
464,MS,M,16,R,GT3,T,0,0,at_home,other,other,father,2,1,0,no,no,no,yes,yes,yes,no,no,1,4,4,3,4,5,6,11,11,11,B
465,MS,F,18,U,GT3,T,0,0,other,other,course,father,1,2,1,no,yes,no,yes,yes,yes,yes,yes,1,4,4,2,3,5,9,9,8,8,C
466,MS,M,15,U,GT3,T,1,0,other,services,home,mother,2,1,0,no,yes,no,no,yes,yes,no,no,1,2,3,1,3,4,0,10,9,11,B
467,MS,F,16,R,GT3,T,0,0,other,services,course,father,3,2,0,no,yes,no,yes,yes,yes,yes,no,5,3,4,1,1,2,1,14,13,14,B
468,MS,M,15,U,GT3,T,0,0,health,other,reputation,mother,3,1,0,no,no,no,no,yes,yes,no,no,5,3,3,1,2,4,1,13,12,13,B
469,MS,M,16,U,GT3,T,1,1,other,teacher,course,father,1,2,0,no,yes,no,yes,yes,yes,no,yes,5,3,1,1,1,3,0,13,12,13,B
470,MS,F,15,R,GT3,T,1,1,services,other,reputation,mother,1,2,0,no,yes,no,no,yes,yes,yes,yes,5,5,4,1,1,1,4,13,12,12,B
471,MS,F,16,R,GT3,T,0,0,at_home,other,course,mother,2,2,1,no,yes,no,yes,no,yes,no,no,5,4,4,2,3,5,2,12,11,12,B
472,MS,F,16,R,LE3,T,0,0,other,other,home,father,3,1,0,no,yes,no,yes,yes,yes,no,yes,5,3,2,1,1,4,0,14,14,16,A
473,MS,M,16,U,LE3,T,0,0,at_home,services,course,mother,2,1,0,no,yes,no,yes,yes,yes,yes,no,1,4,3,2,3,4,4,10,8,10,C
474,MS,M,15,R,LE3,T,0,1,at_home,other,reputation,father,3,1,0,no,yes,no,yes,yes,yes,yes,no,5,2,4,3,5,3,2,10,11,11,B
475,MS,F,15,U,GT3,T,0,0,other,services,course,mother,2,3,0,no,yes,no,yes,yes,yes,no,no,5,3,2,1,1,4,0,12,13,14,B
476,MS,F,16,R,LE3,T,0,0,other,other,home,mother,1,1,0,no,yes,no,no,yes,yes,yes,yes,5,4,3,1,1,5,2,10,8,8,C
477,MS,M,15,U,GT3,T,1,1,services,services,course,father,2,1,0,no,yes,no,yes,no,yes,yes,no,5,3,3,2,4,3,11,12,10,11,B
478,MS,F,16,R,GT3,T,0,0,at_home,other,course,father,2,2,3,yes,yes,no,no,yes,yes,no,no,1,4,3,1,1,1,0,7,7,8,C
479,MS,F,17,U,GT3,T,0,0,other,at_home,course,mother,1,1,0,no,yes,no,yes,yes,no,no,no,5,5,3,1,1,5,4,9,9,10,C
480,MS,F,19,U,GT3,T,0,1,at_home,services,course,other,1,1,1,no,no,no,no,yes,no,yes,yes,5,4,4,1,1,2,0,9,9,10,C
481,MS,F,17,R,GT3,T,0,0,at_home,other,course,mother,3,1,0,no,yes,no,yes,yes,no,no,yes,5,5,3,1,1,3,2,9,10,11,B
482,MS,F,15,R,LE3,T,0,0,at_home,other,course,mother,2,1,0,no,yes,no,no,yes,no,no,yes,5,2,1,1,3,4,0,9,10,9,C
483,MS,F,16,R,GT3,T,0,0,other,other,course,father,3,2,0,no,yes,no,no,yes,no,yes,no,1,4,5,1,2,1,1,9,10,11,B
484,MS,F,16,U,LE3,A,0,0,other,other,home,mother,1,1,0,no,yes,no,no,yes,no,no,no,5,3,4,1,2,1,6,7,7,8,C
485,MS,F,17,R,GT3,T,0,0,at_home,other,course,mother,2,2,0,no,yes,no,no,yes,yes,yes,no,5,3,5,1,2,4,0,11,10,11,B
486,MS,F,16,U,GT3,T,0,0,other,services,course,father,1,1,1,no,yes,yes,yes,no,yes,yes,no,5,4,3,1,4,3,1,9,10,10,C
487,MS,F,18,R,LE3,A,1,0,other,other,course,other,2,3,2,no,yes,no,no,no,no,no,yes,1,3,2,1,1,2,6,7,9,10,C
488,MS,F,19,U,GT3,T,0,0,at_home,services,course,mother,1,3,1,no,no,no,yes,yes,no,no,yes,5,3,1,1,1,3,6,7,9,9,C
489,MS,M,18,R,GT3,T,0,0,other,other,home,mother,2,1,1,no,no,no,yes,yes,no,yes,no,5,4,3,3,4,4,0,8,9,10,C
490,MS,F,18,R,GT3,T,0,0,at_home,at_home,course,mother,2,1,1,no,no,no,no,no,no,yes,yes,1,2,3,1,1,2,4,9,11,10,C
491,MS,F,19,U,GT3,T,0,0,other,other,course,other,2,2,1,no,yes,no,no,yes,yes,yes,yes,1,1,4,4,1,1,12,7,8,9,C
492,MS,F,16,R,GT3,A,0,0,health,other,course,mother,1,2,0,no,no,no,no,no,yes,no,yes,1,3,2,1,1,3,2,8,10,10,C
493,MS,F,17,U,GT3,T,0,0,other,at_home,course,father,2,1,0,no,no,no,yes,no,yes,no,no,1,4,4,3,5,5,5,9,9,10,C
494,MS,F,16,R,LE3,T,0,0,at_home,other,course,mother,1,2,0,no,no,no,yes,yes,no,yes,no,5,4,5,1,3,3,0,8,9,9,C
495,MS,F,16,U,GT3,T,1,1,other,other,reputation,mother,1,1,0,no,no,no,yes,yes,no,yes,yes,5,5,4,1,1,4,0,14,13,13,B
496,MS,F,16,R,LE3,T,0,0,services,services,home,mother,1,1,0,no,yes,no,yes,yes,yes,yes,yes,5,4,4,2,2,4,2,14,14,14,B
497,MS,M,17,U,GT3,T,1,1,services,at_home,course,mother,2,4,1,no,yes,yes,yes,yes,yes,no,no,5,4,5,3,4,5,0,10,11,10,C
498,MS,F,16,U,GT3,T,0,0,other,services,course,mother,1,2,0,no,yes,no,yes,yes,yes,yes,no,5,3,3,1,1,1,0,14,13,14,B
499,MS,F,16,U,GT3,T,0,0,services,other,course,mother,1,1,0,no,yes,yes,yes,yes,yes,no,yes,5,2,5,1,2,5,0,17,16,16,A
500,MS,M,17,U,GT3,T,0,0,other,other,course,father,1,1,1,no,yes,no,yes,yes,no,yes,yes,5,3,5,5,5,1,12,6,7,7,C
501,MS,M,16,U,LE3,T,1,1,other,other,course,father,1,1,0,no,no,no,yes,yes,yes,yes,no,5,2,5,1,5,5,8,14,12,13,B
502,MS,M,17,R,LE3,T,0,0,services,services,other,mother,3,4,1,no,yes,no,no,yes,yes,no,no,1,3,5,3,5,3,2,10,8,9,C
503,MS,F,16,U,GT3,T,0,0,other,other,course,other,1,4,0,yes,yes,no,yes,yes,yes,yes,no,1,2,1,1,1,5,0,14,14,14,B
504,MS,F,19,U,LE3,T,0,0,other,other,home,mother,1,3,0,no,no,no,no,yes,yes,yes,yes,5,4,5,1,1,1,0,12,13,13,B
505,MS,F,17,R,GT3,T,0,0,at_home,other,reputation,mother,2,1,0,no,yes,no,yes,no,yes,yes,yes,5,4,5,1,2,5,0,11,11,11,B
506,MS,F,20,U,GT3,T,1,1,at_home,services,other,mother,2,2,1,no,no,no,yes,yes,yes,yes,yes,1,3,4,2,4,3,8,11,9,10,C
507,MS,F,17,U,LE3,T,0,0,other,services,course,father,1,3,0,no,yes,no,no,yes,yes,no,yes,5,3,3,1,1,3,0,11,11,10,C
508,MS,M,17,R,GT3,T,0,0,other,other,course,mother,3,1,1,no,yes,no,no,no,yes,yes,no,5,4,5,1,2,5,0,10,9,9,C
509,MS,F,16,R,LE3,T,0,0,at_home,other,course,father,3,2,0,no,yes,no,no,yes,yes,no,no,5,3,2,1,1,1,0,16,17,18,A
510,MS,F,17,R,GT3,T,0,0,other,other,reputation,mother,2,2,0,no,yes,no,yes,yes,yes,no,no,5,3,2,1,1,1,0,15,17,17,A
511,MS,F,17,U,GT3,A,0,0,other,other,other,mother,2,2,0,no,no,no,no,yes,yes,yes,yes,5,4,5,1,1,4,1,11,9,10,C
512,MS,F,18,R,GT3,T,0,0,at_home,other,other,mother,1,2,1,no,yes,no,no,yes,yes,yes,yes,5,3,2,1,1,5,9,7,7,7,C
513,MS,F,16,U,GT3,T,1,0,other,other,course,mother,1,1,0,no,no,no,yes,yes,yes,yes,no,1,1,3,1,3,1,0,8,6,8,C
514,MS,F,16,U,GT3,T,1,0,services,at_home,course,mother,1,1,0,no,no,no,no,yes,yes,yes,no,1,1,3,1,4,3,2,7,6,7,C
515,MS,F,18,U,LE3,T,0,0,other,at_home,reputation,mother,2,2,0,yes,no,no,no,yes,yes,no,no,1,3,5,1,4,3,8,9,8,10,C
516,MS,F,16,R,GT3,T,1,1,health,teacher,reputation,father,1,2,0,no,no,no,yes,no,yes,yes,yes,5,3,3,2,3,2,0,14,16,16,A
517,MS,F,16,R,LE3,T,0,0,other,other,reputation,mother,2,1,0,no,no,no,yes,yes,yes,yes,no,5,4,5,1,4,2,0,14,14,15,B
518,MS,F,18,U,GT3,A,0,1,other,services,reputation,father,1,2,1,no,yes,no,no,yes,yes,yes,no,1,3,2,1,3,1,8,8,5,8,C
519,MS,M,16,R,GT3,T,0,0,other,services,reputation,mother,2,2,0,no,no,no,yes,yes,yes,yes,no,5,2,1,1,1,2,0,8,7,0,D
520,MS,F,16,U,LE3,T,0,0,at_home,other,other,mother,3,2,0,no,yes,no,no,yes,yes,yes,no,5,3,2,1,3,5,6,6,8,8,C
521,MS,F,16,R,GT3,T,0,1,at_home,services,other,mother,2,2,0,no,yes,no,yes,yes,yes,yes,no,1,3,3,1,1,2,0,8,10,10,C
522,MS,F,16,U,GT3,T,1,1,health,health,course,mother,1,2,0,no,yes,no,no,yes,yes,yes,yes,5,3,4,1,2,3,4,8,8,8,C
523,MS,M,18,U,LE3,T,1,1,at_home,health,home,mother,1,4,0,no,yes,no,yes,yes,no,yes,yes,5,5,5,5,5,5,2,5,6,6,C
524,MS,F,16,R,LE3,T,1,1,at_home,other,other,mother,3,2,0,no,yes,no,no,no,yes,no,no,5,2,1,1,1,2,2,7,9,8,C
525,MS,M,17,U,LE3,T,1,1,other,services,home,mother,1,3,0,no,yes,no,no,yes,yes,yes,no,5,4,3,1,2,5,0,15,14,16,A
526,MS,F,17,R,GT3,T,1,0,other,other,other,mother,1,1,0,no,no,no,no,yes,yes,yes,yes,5,2,3,1,2,5,1,13,14,14,B
527,MS,M,16,U,LE3,T,0,0,services,services,other,mother,4,3,0,no,no,no,no,yes,yes,no,no,5,1,3,2,2,3,0,10,9,10,C
528,MS,F,17,R,GT3,T,0,0,at_home,other,other,mother,1,1,0,no,yes,yes,no,yes,yes,yes,no,5,1,3,1,2,5,5,9,9,9,C
529,MS,F,16,U,LE3,T,1,1,services,services,other,father,2,1,0,no,yes,no,no,yes,yes,no,no,5,1,3,1,2,5,1,11,11,11,B
530,MS,M,17,U,GT3,T,1,1,services,services,home,mother,1,1,0,no,yes,no,yes,yes,yes,yes,no,5,1,4,5,5,3,8,7,10,9,C
531,MS,M,17,U,GT3,T,0,0,at_home,services,other,mother,3,2,0,no,no,no,no,yes,yes,yes,yes,5,1,3,3,3,1,0,10,10,10,C
532,MS,M,16,U,GT3,T,0,0,health,services,other,mother,2,2,0,no,no,no,no,no,yes,yes,yes,5,2,2,1,4,5,2,9,7,8,C
533,MS,F,16,U,LE3,T,0,0,other,services,other,mother,1,2,0,no,no,no,no,yes,yes,yes,yes,1,2,2,1,1,3,0,14,15,16,A
534,MS,M,16,U,LE3,T,1,1,teacher,health,other,father,1,1,0,no,yes,no,no,yes,yes,yes,no,5,1,2,2,5,5,0,11,12,12,B
535,MS,M,15,R,GT3,T,0,0,other,services,course,mother,3,2,0,no,yes,no,yes,yes,yes,no,no,5,5,5,1,3,5,11,9,11,10,C
536,MS,M,15,U,LE3,A,0,0,other,other,reputation,mother,3,4,0,no,yes,no,yes,yes,yes,no,no,5,4,5,2,3,5,8,13,14,14,B
537,MS,M,15,U,LE3,A,0,0,services,services,course,mother,1,1,0,no,no,no,yes,yes,yes,yes,no,5,3,3,1,2,5,11,12,13,12,B
538,MS,F,16,R,LE3,T,0,0,other,other,course,mother,1,3,0,no,yes,no,no,no,yes,no,yes,5,3,3,2,2,5,2,11,11,11,B
539,MS,F,16,U,LE3,T,1,0,other,other,home,mother,2,2,0,no,yes,no,yes,yes,yes,yes,no,1,2,4,2,2,1,8,9,10,10,C
540,MS,F,17,U,GT3,T,1,0,at_home,other,home,mother,2,1,0,no,no,no,no,yes,yes,no,yes,5,3,3,2,2,1,5,9,11,11,B
541,MS,F,17,R,GT3,T,0,0,other,other,other,mother,2,2,0,yes,no,yes,no,yes,yes,no,no,5,1,3,1,1,5,0,11,9,11,B
542,MS,F,16,U,GT3,T,1,1,teacher,services,course,mother,2,3,0,no,yes,no,no,yes,yes,yes,yes,5,3,5,1,4,5,1,10,11,12,B
543,MS,M,17,R,GT3,T,1,1,health,other,course,father,3,1,3,no,no,no,yes,yes,yes,yes,yes,1,3,3,1,3,5,2,9,9,8,C
544,MS,M,17,R,LE3,T,0,1,other,other,course,father,2,1,0,no,no,no,yes,yes,yes,no,yes,5,1,2,3,3,5,2,12,11,12,B
545,MS,M,17,U,GT3,T,1,1,services,other,other,mother,1,2,1,no,yes,no,yes,no,yes,yes,yes,5,4,4,3,4,5,8,8,9,8,C
546,MS,F,17,U,GT3,T,1,1,health,health,course,father,1,2,0,no,yes,no,no,yes,yes,yes,no,5,2,5,1,1,5,0,13,15,16,A
547,MS,M,16,R,LE3,T,1,0,other,at_home,other,father,1,1,0,no,no,no,no,yes,yes,yes,no,5,1,2,2,1,2,0,10,11,11,B
548,MS,F,17,U,GT3,A,0,0,at_home,at_home,other,mother,1,2,0,no,no,no,yes,yes,yes,yes,yes,5,5,5,1,2,3,2,11,10,11,B
549,MS,F,17,R,GT3,T,1,0,other,other,course,mother,2,2,0,yes,yes,no,no,no,yes,yes,no,5,3,3,2,3,5,0,17,18,18,A
550,MS,M,16,U,LE3,A,0,0,other,services,course,father,2,2,0,no,yes,no,no,no,yes,yes,yes,5,1,2,2,2,5,0,12,13,13,B
551,MS,M,17,U,GT3,T,1,0,other,other,other,father,2,2,0,no,yes,yes,no,yes,yes,yes,no,5,1,2,2,2,1,0,13,14,13,B
552,MS,M,19,U,GT3,T,0,0,other,other,other,mother,1,2,2,no,yes,no,yes,yes,no,yes,no,5,4,3,3,4,4,2,9,9,10,C
553,MS,M,17,U,LE3,A,0,0,other,other,home,mother,1,1,0,no,no,no,no,yes,yes,no,yes,5,1,2,1,1,5,4,11,11,12,B
554,MS,F,17,R,GT3,T,0,0,at_home,at_home,course,father,2,1,0,no,yes,no,yes,yes,no,yes,yes,1,5,5,2,2,4,3,10,11,10,C
555,MS,F,16,R,GT3,T,0,0,other,other,home,father,1,3,0,yes,yes,no,no,no,yes,yes,yes,5,3,4,1,1,3,5,13,14,13,B
556,MS,M,16,R,LE3,T,0,0,other,at_home,course,mother,1,1,0,no,no,no,no,yes,yes,no,no,5,4,4,2,4,5,4,9,10,11,B
557,MS,F,17,R,GT3,T,1,0,other,other,course,mother,2,2,3,no,yes,no,yes,no,yes,yes,yes,5,4,4,1,1,5,2,7,9,10,C
558,MS,M,17,R,GT3,T,0,0,other,other,course,mother,2,1,0,no,no,no,yes,yes,no,no,yes,5,5,5,3,5,5,0,8,13,10,C
559,MS,M,18,R,GT3,T,0,0,at_home,at_home,course,other,3,1,1,yes,yes,no,no,yes,yes,no,no,5,3,2,1,1,4,0,12,12,13,B
560,MS,M,17,R,GT3,T,0,0,other,services,course,mother,2,1,0,no,yes,no,yes,no,yes,yes,yes,5,5,5,1,3,2,0,10,9,10,C
561,MS,M,18,U,LE3,T,0,0,at_home,at_home,course,mother,2,2,0,no,yes,no,yes,yes,yes,no,no,5,3,3,1,4,5,6,10,9,10,C
562,MS,F,16,R,LE3,T,0,0,other,services,course,father,1,2,0,no,no,no,yes,yes,yes,no,yes,5,4,3,1,1,1,0,11,13,12,B
563,MS,M,17,U,GT3,T,0,0,other,other,course,mother,1,1,1,no,no,no,yes,yes,yes,no,yes,1,2,1,2,3,5,0,7,0,0,D
564,MS,M,16,R,GT3,T,1,0,services,other,course,father,2,1,0,no,no,no,no,yes,yes,yes,no,5,5,5,2,3,5,2,11,9,10,C
565,MS,M,16,R,LE3,T,0,0,at_home,other,course,mother,2,1,0,no,no,no,yes,yes,yes,yes,no,5,5,5,2,4,5,0,10,10,9,C
566,MS,M,18,R,GT3,T,0,0,services,other,course,other,2,1,1,no,yes,no,no,yes,no,yes,yes,5,3,3,2,3,5,2,9,7,9,C
567,MS,M,18,R,GT3,T,1,0,services,other,course,mother,1,1,1,no,no,no,no,yes,no,yes,no,1,3,1,2,2,5,0,4,0,0,D
568,MS,M,19,U,GT3,T,1,0,at_home,services,course,mother,2,1,3,no,no,no,yes,yes,yes,no,no,1,2,1,1,1,3,4,6,11,9,C
569,MS,M,18,U,GT3,T,1,1,at_home,at_home,course,mother,1,2,2,no,yes,no,yes,yes,no,yes,no,5,4,5,1,3,3,9,4,8,8,C
570,MS,M,16,R,GT3,T,0,0,services,services,course,mother,2,1,0,no,yes,no,yes,yes,yes,yes,yes,5,4,3,2,4,4,6,7,8,8,C
571,MS,M,19,U,GT3,T,0,0,at_home,other,course,other,2,1,3,no,no,no,yes,no,no,yes,yes,5,4,3,1,3,5,4,8,9,9,C
572,MS,F,16,U,GT3,A,1,0,services,at_home,course,mother,2,2,2,no,yes,no,yes,yes,yes,no,yes,1,5,5,1,1,1,8,5,5,7,C
573,MS,F,17,U,GT3,T,0,0,other,at_home,course,mother,1,1,0,no,yes,no,yes,yes,yes,no,no,5,3,2,1,2,5,9,7,9,10,C
574,MS,M,20,R,GT3,T,0,0,other,other,course,other,2,1,1,no,yes,no,no,yes,no,yes,yes,5,4,3,2,4,4,12,8,11,10,C
575,MS,F,18,R,GT3,A,1,1,services,services,course,mother,1,1,0,no,yes,no,no,yes,yes,yes,no,5,4,4,3,4,2,8,10,11,10,C
576,MS,M,18,R,GT3,T,1,0,other,other,course,mother,2,1,0,no,yes,no,no,no,yes,yes,no,1,5,5,5,5,5,8,9,10,11,B
577,MS,M,19,R,GT3,T,0,0,other,services,home,other,3,2,1,no,no,no,no,yes,yes,yes,no,5,4,4,3,3,2,8,10,9,11,B
578,MS,M,17,U,GT3,T,1,1,health,other,course,mother,2,2,1,no,yes,no,no,yes,yes,yes,no,5,5,4,2,3,3,4,8,9,10,C
579,MS,M,18,U,LE3,T,0,1,at_home,services,course,mother,1,1,0,no,no,no,no,yes,no,yes,yes,5,3,3,2,3,3,0,9,10,9,C
580,MS,M,19,R,GT3,T,0,0,other,other,home,other,3,1,1,no,yes,no,no,yes,yes,yes,no,5,4,4,3,3,5,4,8,9,10,C
581,MS,F,18,U,GT3,A,0,0,at_home,other,course,mother,2,2,2,no,yes,no,no,yes,yes,no,no,5,3,3,1,1,5,2,6,8,8,C
582,MS,F,19,U,LE3,A,0,0,at_home,other,course,mother,1,1,0,no,yes,no,no,yes,no,no,no,1,4,4,1,1,5,0,6,8,7,C
583,MS,F,18,R,GT3,T,0,0,other,other,other,mother,2,1,1,no,no,no,no,yes,no,yes,yes,5,5,5,1,1,3,0,8,6,0,D
584,MS,F,17,R,GT3,T,0,0,at_home,other,course,mother,2,1,0,no,yes,no,no,yes,yes,yes,no,5,4,3,1,1,5,0,10,11,11,B
585,MS,F,17,R,LE3,A,1,0,other,at_home,course,other,2,3,0,no,yes,yes,no,yes,no,no,no,5,2,3,2,2,3,5,8,7,8,C
586,MS,F,17,U,GT3,T,1,0,teacher,services,home,mother,1,2,0,yes,yes,no,yes,yes,yes,yes,no,5,5,5,1,3,5,0,8,8,0,D
587,MS,F,18,R,LE3,T,0,0,services,services,course,mother,1,2,1,no,yes,no,yes,yes,yes,yes,no,1,3,3,1,2,4,3,7,6,8,C
588,MS,F,17,U,GT3,T,1,0,health,at_home,course,mother,1,1,0,no,yes,no,no,yes,yes,no,yes,1,2,2,1,1,5,0,8,10,9,C
589,MS,F,17,U,LE3,T,0,0,at_home,other,course,father,1,1,0,no,no,no,no,yes,yes,yes,no,5,5,1,1,1,3,0,7,10,10,C
590,MS,F,18,U,GT3,T,0,0,other,other,course,mother,3,2,2,no,no,no,yes,yes,yes,no,yes,1,4,4,2,2,5,3,7,8,7,C
591,MS,F,18,U,GT3,T,0,0,services,at_home,reputation,father,2,2,0,no,no,no,yes,no,yes,yes,no,5,3,5,1,1,1,2,12,13,14,B
592,MS,F,17,U,GT3,T,1,1,services,services,course,mother,2,1,0,no,yes,no,no,yes,yes,yes,no,5,4,3,1,1,4,0,11,12,13,B
593,MS,F,18,U,LE3,A,0,0,at_home,other,reputation,mother,2,2,0,no,no,no,no,yes,yes,yes,no,5,4,3,1,2,4,0,12,13,14,B
594,MS,F,18,U,GT3,T,1,1,teacher,teacher,reputation,mother,2,2,0,no,no,no,yes,no,yes,yes,no,5,3,5,1,2,1,0,18,18,18,A
595,MS,M,18,U,LE3,T,1,1,services,other,reputation,mother,1,1,0,no,yes,no,yes,yes,yes,yes,no,5,4,5,1,1,5,3,17,17,17,A
596,MS,F,17,U,GT3,T,1,0,other,other,course,mother,2,2,0,no,yes,no,no,yes,yes,yes,no,5,3,3,1,2,4,0,17,18,18,A
597,MS,F,18,R,GT3,T,0,0,at_home,other,course,mother,3,2,1,no,no,no,yes,yes,yes,no,yes,5,3,3,1,1,4,0,9,0,0,D
598,MS,M,18,U,LE3,T,0,0,at_home,services,home,mother,2,1,0,no,yes,no,no,no,yes,no,no,5,1,4,5,5,1,8,10,11,11,B
599,MS,M,18,R,GT3,T,1,1,at_home,services,other,mother,3,1,0,no,yes,yes,yes,yes,yes,yes,yes,1,5,5,1,1,1,5,12,13,14,B
600,MS,M,17,R,GT3,T,0,0,other,services,other,father,3,1,0,no,no,no,no,no,no,no,no,5,2,3,3,4,4,4,12,13,14,B
601,MS,F,18,U,GT3,T,0,0,other,other,course,mother,2,2,0,no,yes,no,no,no,yes,yes,yes,1,3,1,1,1,2,4,8,8,10,C
602,MS,F,18,U,LE3,T,0,0,services,services,course,father,2,3,0,no,no,no,no,yes,yes,yes,yes,5,4,5,1,4,3,0,11,12,13,B
603,MS,F,18,R,LE3,A,1,0,teacher,other,reputation,mother,1,2,0,no,no,no,yes,yes,yes,yes,yes,5,3,1,1,1,5,0,5,0,0,D
604,MS,F,18,U,GT3,T,0,0,at_home,services,course,mother,3,2,1,no,no,no,no,yes,no,no,no,5,4,2,1,2,2,2,9,10,10,C
605,MS,F,19,U,GT3,T,0,0,at_home,services,other,father,2,1,1,no,no,no,no,yes,no,no,no,5,5,5,2,3,2,0,5,0,0,D
606,MS,F,17,U,GT3,T,1,0,teacher,other,course,father,2,4,0,no,no,no,no,yes,yes,yes,yes,5,2,3,3,1,5,0,18,18,18,A
607,MS,F,17,R,LE3,A,0,0,services,other,reputation,mother,2,2,0,no,no,no,yes,yes,yes,yes,yes,5,3,3,1,2,2,5,11,11,12,B
608,MS,F,18,U,LE3,A,0,0,at_home,services,course,mother,1,2,0,no,no,no,no,yes,yes,no,yes,5,2,3,1,2,3,2,8,10,11,B
609,MS,F,18,U,GT3,T,0,0,at_home,at_home,course,father,2,2,0,no,yes,no,no,yes,no,no,no,5,1,1,1,1,4,0,11,11,12,B
610,MS,F,19,R,GT3,A,0,0,at_home,at_home,course,other,2,2,3,no,yes,no,yes,yes,no,no,yes,1,5,4,1,4,1,0,8,0,0,D
611,MS,F,18,R,GT3,T,0,0,services,other,home,mother,2,3,0,no,no,no,no,yes,yes,yes,yes,5,2,1,1,1,4,5,14,14,15,B
612,MS,M,17,R,GT3,T,1,1,services,other,home,mother,2,2,1,no,yes,yes,yes,no,yes,yes,yes,5,5,5,1,3,2,4,10,11,11,B
613,MS,F,18,U,GT3,T,1,1,services,services,course,father,1,2,0,no,yes,no,no,yes,yes,no,yes,5,3,4,1,1,5,0,10,10,10,C
614,MS,F,17,R,GT3,T,1,1,teacher,services,other,father,2,2,0,no,yes,yes,yes,yes,yes,yes,no,5,3,3,1,2,5,2,12,12,12,B
615,MS,F,17,U,LE3,A,1,0,services,other,reputation,mother,2,2,0,no,no,no,no,yes,yes,no,yes,1,2,3,1,2,5,0,15,14,15,B
616,MS,M,18,U,LE3,T,0,0,other,services,home,father,2,1,0,no,no,no,no,no,yes,yes,yes,1,3,2,1,2,3,2,14,13,14,B
617,MS,F,18,U,LE3,T,0,0,at_home,services,course,father,2,3,0,no,no,no,no,yes,yes,yes,no,5,3,2,1,1,4,0,19,17,18,A
618,MS,F,18,R,LE3,A,0,0,at_home,other,course,mother,3,2,0,no,no,no,no,yes,yes,no,yes,5,3,4,1,4,5,0,16,15,15,B
619,MS,F,18,U,GT3,T,1,1,services,services,other,mother,2,2,0,no,yes,no,no,yes,yes,yes,yes,5,3,2,1,3,3,6,13,12,13,B
620,MS,F,17,U,LE3,T,1,1,at_home,at_home,course,mother,1,2,0,no,yes,no,yes,yes,yes,yes,yes,1,3,4,1,1,1,4,15,14,15,B
621,MS,F,17,R,GT3,T,0,0,other,services,course,father,2,2,0,no,no,no,no,no,yes,no,no,1,2,2,1,2,3,0,13,13,13,B
622,MS,M,18,R,GT3,T,0,1,at_home,other,course,mother,2,2,0,no,yes,yes,no,yes,yes,no,no,1,3,4,2,4,3,0,8,10,9,C
623,MS,M,18,U,LE3,T,1,1,teacher,services,other,mother,2,3,0,no,no,no,no,yes,yes,yes,yes,5,2,2,2,2,5,0,15,16,16,A
624,MS,F,17,R,GT3,T,0,0,other,services,reputation,mother,3,1,1,no,yes,no,no,yes,yes,yes,yes,5,2,1,1,2,1,0,8,8,9,C
625,MS,F,18,U,GT3,T,0,1,at_home,services,course,father,2,1,0,no,yes,no,no,yes,yes,yes,yes,5,2,3,1,2,4,0,10,10,10,C
626,MS,F,18,R,GT3,T,1,1,other,teacher,other,father,3,2,0,no,yes,no,no,no,yes,yes,yes,1,2,2,4,2,5,0,7,5,0,D
627,MS,M,18,R,LE3,T,0,0,at_home,services,other,father,3,1,0,no,yes,no,yes,yes,no,yes,yes,5,3,3,2,3,3,3,9,10,10,C
628,MS,F,17,U,GT3,T,0,0,other,at_home,home,mother,1,3,0,no,no,no,yes,yes,yes,no,yes,1,4,3,1,1,3,8,10,11,12,B
629,MS,F,17,R,GT3,T,0,0,other,other,course,mother,1,1,0,no,no,no,yes,yes,yes,yes,no,1,5,5,1,3,1,4,7,8,9,C
630,MS,F,18,R,LE3,T,1,1,other,other,reputation,mother,2,3,0,no,no,no,no,yes,yes,yes,no,5,4,4,1,1,1,0,15,17,17,A
631,MS,F,18,R,GT3,T,0,0,other,other,home,mother,4,3,0,no,no,no,no,yes,yes,yes,no,5,3,2,1,2,4,4,10,11,12,B
632,MS,F,19,R,GT3,T,0,0,at_home,other,course,other,2,2,1,no,yes,no,no,yes,yes,yes,yes,5,3,3,1,1,3,4,7,8,9,C
633,MS,F,18,R,LE3,T,1,1,teacher,services,course,mother,1,2,0,no,no,no,yes,yes,yes,yes,no,5,4,3,3,4,2,1,13,14,14,B
634,MS,F,18,U,GT3,T,1,1,other,other,home,mother,1,2,0,no,no,no,no,yes,yes,yes,yes,5,1,3,1,2,1,1,16,16,16,A
635,MS,F,17,R,GT3,T,1,0,at_home,other,reputation,mother,1,2,0,no,yes,no,yes,no,yes,yes,no,5,5,4,2,3,1,10,8,9,9,C
636,MS,M,18,U,GT3,T,1,1,teacher,teacher,home,father,1,2,0,no,no,no,yes,no,yes,yes,no,1,2,4,1,4,2,4,17,18,19,A
637,MS,M,18,R,GT3,T,0,0,other,other,other,mother,2,1,0,no,no,no,yes,no,yes,yes,yes,5,4,3,1,3,5,0,7,7,0,D
638,MS,M,17,U,GT3,T,0,1,other,services,home,father,2,2,0,no,no,no,yes,yes,yes,yes,no,5,4,3,1,1,3,4,14,15,16,A
639,MS,M,19,R,GT3,T,0,0,other,services,other,mother,2,1,1,no,no,no,no,yes,yes,no,no,5,3,2,1,3,5,0,5,8,0,D
640,MS,M,18,R,GT3,T,1,0,other,other,home,father,2,1,1,no,no,yes,no,yes,yes,no,no,5,4,3,4,3,3,0,7,7,0,D
641,MS,F,18,R,GT3,T,0,0,at_home,other,other,mother,2,3,0,no,no,no,no,yes,yes,no,no,5,3,3,1,3,4,0,14,17,15,B
642,MS,F,17,U,GT3,T,1,1,teacher,other,other,mother,2,2,0,no,no,no,no,yes,yes,yes,no,5,5,4,1,1,1,0,6,9,11,B
643,MS,F,18,R,GT3,T,1,1,teacher,at_home,reputation,mother,3,1,0,no,yes,no,yes,yes,yes,yes,yes,5,4,3,2,2,5,4,7,9,10,C
644,MS,F,19,R,GT3,T,0,1,services,other,course,mother,1,3,1,no,no,no,yes,no,yes,yes,no,5,4,2,1,2,5,4,10,11,10,C
645,MS,F,18,U,LE3,T,1,0,teacher,services,course,mother,1,2,0,no,yes,no,no,yes,yes,yes,no,5,3,4,1,1,1,4,15,15,16,A
646,MS,F,18,U,GT3,T,0,0,other,other,course,mother,2,2,0,no,no,no,yes,yes,yes,no,no,1,1,1,1,1,5,6,11,12,9,C
647,MS,M,17,U,LE3,T,1,0,services,services,course,mother,2,1,0,no,no,no,no,no,yes,yes,no,1,4,5,3,4,2,6,10,10,10,C
648,MS,M,18,R,LE3,T,1,0,services,other,course,mother,3,1,0,no,no,no,no,no,yes,yes,no,5,4,1,3,4,5,4,10,11,11,B